wind_speed,wind_angle,temperature,humidity,ice_thickness,span_length,tension,conductor_type,tower_height,terrain_slope,dance_level
38.6,56,7.7,50,16.4,606.484136455043,11249,1,31,15,2
6.7,31,9,50,16.7,149,7801,1,21,0,0
16.5,23,6.5,50,17.6,124,9861,1,22,0,0
6.6,77,5.6,50,17.1,144,8615,0,24,0,0
11.9,52,8.6,100,20,224,11059,1,33,2,2
7.5,4,7.9,50,16.7,109,6652,1,23,0,0
10.5,21,4.5,50,20,102,5327,0,25,0,0
9.5,74,3.8,50,20.3,111,7617,0,24,0,0
7.7,83,5.3,50,20.4,140,6584,1,25,0,0
9.1,53,8.9,100,20,173,10077,0,30,12,1
7.3,89,6.7,50,15.4,145,7138,0,21,0,0
14.8,48,3.3,50,20.6,241,11704,1,32,14,2
6.9,44,8.3,50,16.1,136,9130,0,22,0,0
10.4,59,6.2,50,19.4,124,9896,1,21,0,0
29.6,15,8.6,50,21.5,687.660963689696,8215,1,23,0,0
12.3,80,7.9,100,19.9,196,10354,0,26,7,1
8.1,34,9.8,50,15.7,103,8700,1,22,0,0
11.1,73,0.2,50,20.4,116,9147,0,25,0,0
7.6,56,0.1,50,20.8,180,8487,0,29,1,1
11.7,72,8.9,50,15.8,162,10973,0,28,15,1
5.1,75,6,50,17.2,146,8347,1,25,0,0
5,39,7.7,50,17.6,123,8036,1,23,0,0
5.3,34,4.9,50,19.5,131,8718,0,24,0,0
7.5,4,1.4,50,19.4,117,7411,0,24,0,0
1.2,0,2.2,50,20.6,117,9013,0,23,0,0
5,56,1.1,50,19.5,144,7468,1,25,0,0
28.9,37,9.1,50,15.6,620.759090589878,9119,1,25,0,0
9.1,10,3.8,50,19.2,107,7095,1,21,0,0
9.5,61,3.6,50,17.6,132,9567,1,25,0,0
2.2,48,1.4,50,20.1,115,7431,0,21,0,0
13.4,75,8.5,100,20.6,184,8377,0,29,7,1
11.2,83,4.3,50,18.8,119,8006,1,24,0,0
8.6,85,3.5,50,18.1,183,10185,0,26,6,1
9.4,33,2.2,50,20.9,135,5703,0,21,0,0
5.4,2,3.9,50,19.4,138,7293,0,25,0,0
11,54,8.3,50,15.7,149,6948,0,22,0,0
12.8,80,5.8,50,18.4,213,9974,0,32,8,2
7.2,52,1.4,50,20.1,125,7009,1,25,0,0
4.6,35,0.4,50,20.7,112,9821,1,24,0,0
11.2,11,7.9,50,18.3,148,5744,0,25,0,0
6.8,26,2,50,19.8,126,7462,0,25,0,0
13.2,71,9.6,50,16.4,193,9196,1,30,1,1
14,73,8.2,50,16.7,285,14614,1,36,13,3
5.2,19,9.6,50,16.1,115,5072,1,25,0,0
11.1,59,7.7,50,16.8,105,7439,0,23,0,0
26.1,73,9.5,50,19,559.058098809589,6498,0,23,0,0
4.4,25,8,50,17.8,146,6608,0,22,0,0
6.6,58,1.2,50,19.5,123,7930,1,21,0,0
36.2,73,5.5,50,18.2,500.026938600897,6358,0,22,0,0
9.7,47,2.8,100,19.2,192,7020,0,29,5,1
7.9,83,3.1,100,20.4,172,11550,0,30,1,1
12.4,74,2.6,50,20.1,286,14332,1,39,43,3
4.4,71,6.4,50,17.5,148,7503,0,23,0,0
1.8,69,4.2,50,20.4,111,8287,0,25,0,0
6.2,12,6.5,50,16.6,133,6976,1,21,0,0
2.1,10,5.2,50,19.8,101,6896,0,21,0,0
7.5,48,6,50,18.8,149,7596,1,22,0,0
14.7,11,0.2,50,20,107,6328,0,22,0,0
6.7,0,3,50,19.9,143,5118,1,24,0,0
5.2,5,2.3,50,20.6,138,7370,0,25,0,0
8.2,87,0.8,50,19.3,110,5705,1,24,0,0
9.6,35,6.7,50,16.3,146,6453,0,25,0,0
3.4,57,4.5,50,19.5,127,6210,0,24,0,0
7.8,49,4.3,50,18.3,123,6046,0,25,0,0
34.3,87,2,50,24.8,538.021529956746,9906,0,22,0,0
11.2,82,9.4,50,16,149,8787,0,23,0,0
10.2,14,5.7,50,18.9,101,5046,0,25,0,0
6.9,77,7.3,50,17.3,102,7405,1,21,0,0
12.9,4,7.6,50,17.8,138,9593,1,23,0,0
8.2,32,6.6,50,15.8,146,5510,0,22,0,0
12.6,25,9.5,50,16.7,130,7584,1,22,0,0
26,64,4.5,50,24.4,601.384087592367,11956,0,32,26,2
7.4,73,8.4,50,17.4,139,8274,0,25,0,0
6.1,50,7.7,50,17,177,7274,1,27,5,1
11,20,6.6,50,18.8,122,6515,0,24,0,0
16.9,73,9.8,50,15.2,130,8306,0,23,0,0
8.6,86,0.4,50,20,115,8573,1,21,0,0
12.1,75,7,50,18.2,147,8473,1,25,0,0
6.8,30,9.8,50,16.4,137,7811,1,23,0,0
12,34,0.3,50,20.4,136,9852,0,22,0,0
15,47,5,100,20.7,159,11001,0,27,2,1
5.7,26,8.7,50,16.3,113,8125,0,25,0,0
5.5,49,2.9,50,20.4,132,6671,1,23,0,0
7.4,62,3.3,50,19.5,148,8209,1,24,0,0
0.5,25,2.8,50,20.5,126,5897,1,21,0,0
26.1,31,4,50,24.5,559.458158061467,6343,0,24,0,0
3.4,54,6.2,50,17.6,101,9826,0,24,0,0
6.6,54,8.7,50,15.8,108,9724,1,25,0,0
8.8,37,0.2,50,20.3,123,9788,0,25,0,0
4.1,0,4.3,50,18.8,146,7171,0,23,0,0
10.8,74,2.4,100,19.4,160,11388,1,26,4,1
8.4,47,-3.5,100,20.6,234,9406,1,35,24,2
8.6,18,6.2,50,20,127,5343,0,25,0,0
6,81,6.7,50,18.1,132,6242,1,23,0,0
8,82,-7.7,50,19.2,216,11514,0,33,28,2
10,75,2.6,50,19.7,154,7929,1,30,12,1
7.9,28,2.5,50,20.8,118,6769,1,24,0,0
6.4,32,5.1,50,20.6,106,6964,0,23,0,0
10.2,78,7.5,50,17.1,109,8369,0,24,0,0
10.7,46,1.6,50,19.1,109,9455,0,22,0,0
8.7,22,0.6,50,19.9,111,9800,1,23,0,0
9.3,63,1.7,50,19.2,144,8158,0,21,0,0
1.2,62,2.1,50,19.1,111,7540,0,21,0,0
8.9,57,6.9,50,15.9,137,7679,1,25,0,0
38.2,41,1.8,50,18.9,608.352192853513,5379,0,25,0,0
14.1,6,6.5,50,17.2,141,7168,1,23,0,0
37.1,6,3.7,50,22.7,609.683832598713,8544,0,22,0,0
3.7,69,5.8,50,19.6,141,7591,0,24,0,0
5.5,81,7.5,50,17.8,130,8271,1,23,0,0
10.1,24,2,50,19.1,111,7125,1,23,0,0
6.8,74,6.6,50,16.9,135,6321,1,24,0,0
9.5,19,6,50,19.5,141,8891,1,21,0,0
7.9,2,2.6,50,20.8,113,7787,0,24,0,0
11.7,86,9.9,100,19.7,263,13884,0,36,45,3
11.5,78,10,50,15,121,5651,0,22,0,0
9.2,21,0.1,50,20.2,139,5195,1,24,0,0
11.2,71,9.9,100,20.9,186,8947,0,28,14,1
8.4,19,10,50,17,141,8576,0,21,0,0
7.5,85,1.7,50,20.2,135,8244,0,21,0,0
11,65,6.7,100,20.6,151,10896,1,29,13,1
31.4,67,-5,50,15.8,621.369391108028,13607,0,33,11,2
38.5,85,6.6,50,21.2,694.676523832964,7984,1,27,12,1
28.2,83,0.6,50,17.3,593.821442209516,11085,1,30,1,1
4.1,9,1.7,50,19.7,138,9839,0,22,0,0
7.6,11,2.6,50,20.7,104,6053,1,21,0,0
7.9,67,3,100,19.5,157,9904,0,26,9,1
6.6,66,3.1,100,20.6,171,9293,1,28,10,1
7.4,48,8.4,50,19.1,119,5976,0,24,0,0
7.4,78,4.1,50,19.6,139,5631,0,25,0,0
7.6,58,2.3,50,19.4,134,5707,0,21,0,0
17,58,8.2,100,20.1,208,10873,1,32,3,2
10.5,15,6.7,50,17.6,144,6249,0,21,0,0
9.3,13,4.6,50,17.8,125,9604,0,22,0,0
8.2,42,7.6,50,18,122,7985,1,24,0,0
2.2,18,3.4,50,20.1,146,7550,0,21,0,0
17.4,52,0.2,50,19.3,153,10623,0,29,4,1
37.4,35,7.5,50,20.2,655.04881036699,8387,0,25,0,0
6,31,0.3,50,20.7,147,6328,1,24,0,0
13.3,78,2.8,50,19.6,151,10581,1,29,15,1
4.7,40,2.6,50,19.2,147,5929,0,25,0,0
10.7,51,9.7,50,16.3,163,9355,1,29,11,1
16.2,79,-13.6,50,20.8,284,13056,0,40,40,3
8.7,24,1.9,50,19.6,122,9155,0,24,0,0
9.3,72,4.3,50,19.2,178,11513,0,29,10,1
8.6,59,9,50,15.6,101,9133,1,21,0,0
13,19,0.7,50,20.1,102,8294,0,21,0,0
12.8,82,9.8,50,18,172,8738,0,26,10,1
11,56,5.8,50,19.5,192,9387,0,27,12,1
2.3,42,4.8,50,18.2,120,9043,1,22,0,0
3.7,84,6.8,50,15.5,124,7039,0,24,0,0
5.5,38,1.2,50,20.7,134,5385,0,23,0,0
8.7,33,2.6,50,19.2,121,8380,1,21,0,0
12.6,3,4.2,50,19.4,128,6157,0,24,0,0
12.2,83,6.4,50,18.6,138,7657,1,23,0,0
8.5,49,8.4,50,16.1,146,6256,1,23,0,0
5.6,3,2.7,50,20.6,149,6976,1,22,0,0
7,71,2.7,50,16.2,135,5602,1,21,0,0
8.3,37,1.6,50,19,138,9490,0,22,0,0
25.6,14,2.3,50,20.7,578.579021778636,5678,0,25,0,0
2.3,53,0.1,50,19.6,103,7942,0,25,0,0
5.4,82,3.7,50,19.7,122,9162,1,22,0,0
9.4,65,-6.6,100,19.7,211,12763,0,33,13,2
25.5,14,5.7,50,18.9,639.432738427596,5747,0,22,0,0
6.2,58,2.6,50,20.7,115,6150,0,22,0,0
10,36,1.6,50,21,134,6354,0,25,0,0
12.3,75,5.8,100,20.1,174,10097,0,28,5,1
7.5,85,6.9,50,18.8,139,5082,1,21,0,0
4.4,69,2.5,50,20.3,107,9896,1,25,0,0
15.7,76,-0.6,50,20.5,289,12132,1,37,28,3
26.2,51,6.1,100,17.6,505.570448164215,8707,0,30,5,1
9.7,38,5.5,50,18.1,134,9827,0,25,0,0
3.9,8,6,50,20.4,121,5717,1,22,0,0
35.9,61,6.8,50,18.2,633.011197801326,6360,0,24,0,0
8.5,31,1.3,50,20.6,146,8249,0,23,0,0
10.5,56,-14.7,100,19.8,248,11829,0,31,16,2
7.7,21,0.9,50,21,109,9937,0,23,0,0
10.4,29,3.1,50,20.2,135,6577,0,24,0,0
9.4,68,8.7,50,17.3,131,5934,0,22,0,0
6.1,11,9.6,50,16.3,130,7707,0,21,0,0
7.3,58,8.2,50,17.6,135,6262,0,24,0,0
36.5,61,6.4,50,22,566.270443747263,9783,0,30,0,1
30.1,36,7.6,50,20.1,532.384601326443,6255,0,23,0,0
9.4,90,4.5,50,18.7,106,9417,0,22,0,0
4.1,74,9.4,50,17,108,7388,1,23,0,0
7,14,7.3,50,17.2,128,7977,1,23,0,0
5.5,71,9.1,50,16.3,158,7758,0,28,1,1
9.1,75,0.8,50,20.8,142,8918,0,25,0,0
39.7,65,0.4,50,15.9,662.877355853752,9680,1,23,0,0
37.3,51,4.4,100,23.3,617.600092685926,9998,1,27,3,1
6.7,72,5.5,50,19.3,140,7993,0,25,0,0
9.1,52,1.8,50,19.9,139,7618,0,24,0,0
26.1,54,-5.3,50,20.7,613.203684977564,13417,0,40,7,3
10.7,50,9.6,50,15.2,103,5927,0,24,0,0
8.6,48,1.7,50,20.3,176,8230,0,30,10,1
7.4,50,0.8,50,19.7,133,7054,0,23,0,0
6.8,87,6,50,18.4,120,6185,0,21,0,0
7.6,83,0.7,50,19.4,140,9963,0,25,0,0
35.4,89,1.8,50,16.4,583.163713603682,7101,0,25,0,0
8.9,36,5.2,50,18.3,134,6981,0,21,0,0
12,18,3.6,50,19.7,121,6790,0,23,0,0
12.8,54,3.6,50,20,240,11820,0,34,17,2
8.4,44,1.3,50,19.6,130,7569,0,21,0,0
4.7,53,9.4,50,17,105,8129,0,23,0,0
3.5,78,5.8,50,18.3,141,7149,1,25,0,0
4.1,22,3.1,50,20,122,8078,0,21,0,0
7.8,36,8.1,50,18.5,134,8994,1,21,0,0
11.3,75,6.8,100,20.8,187,8437,1,26,3,1
5.6,51,8.6,100,19.4,162,10791,1,27,6,1
10.9,87,3,100,20.5,185,11829,0,26,10,1
4.7,45,3.1,50,20.6,138,6162,0,22,0,0
6.1,68,9,50,14.9,148,6884,0,21,0,0
6.2,73,8.8,50,18.8,143,8824,0,24,0,0
10.2,74,5.1,50,19,191,11308,0,30,5,1
35.8,88,-7.2,100,19.8,669.819603991735,12710,1,32,26,2
11.7,52,5.9,100,20.7,237,11556,1,33,25,2
4.5,76,6.7,50,16.9,144,8627,0,23,0,0
10.6,57,2.7,50,20.1,115,8878,0,21,0,0
34.9,61,3.4,100,21,583.029130798549,9528,0,26,15,1
7.2,71,2,50,19.6,121,7291,0,24,0,0
17.4,65,9.2,50,15.5,161,9094,0,26,14,1
4,10,0.7,50,20.2,122,5596,0,22,0,0
3.2,3,9.9,50,14.1,110,5195,0,25,0,0
7.9,78,8.7,50,17.2,124,9945,0,25,0,0
29.6,78,1,50,17.4,546.713472213722,7018,0,25,0,0
5.3,17,5.6,50,17.7,119,9380,1,23,0,0
5.1,58,3,50,19.4,190,7613,1,26,1,1
12.9,49,0.8,50,20.5,143,5845,1,21,0,0
9.1,74,8.9,50,16.3,115,6886,0,23,0,0
8,68,8,100,19.1,158,9736,0,27,6,1
11.6,86,3.5,50,19.3,120,9739,0,24,0,0
10,31,6.3,50,16.5,147,9589,1,24,0,0
7.8,74,3.6,50,19.6,191,8911,0,26,4,1
8.9,63,3.6,50,18.9,124,9005,0,21,0,0
5.8,62,3.2,50,19.2,113,6935,0,21,0,0
4.1,44,1.2,50,20.8,109,9830,0,24,0,0
10.6,53,1.7,100,20.2,169,10800,0,30,11,1
4.7,23,4.7,50,19.5,146,7119,0,25,0,0
12.2,51,7.6,50,17,122,9243,0,24,0,0
8.7,76,4,50,18.9,134,7252,1,22,0,0
8.2,18,2.9,50,20,111,9837,1,25,0,0
8.4,64,2.5,50,19.6,111,5005,0,25,0,0
8.2,13,7.3,50,17.7,139,9878,0,22,0,0
6.4,29,8.2,50,17.4,124,9273,0,25,0,0
5.8,39,1.7,50,20.1,132,5983,0,21,0,0
9.8,39,9.5,50,16.8,127,6295,0,24,0,0
8,54,1.7,50,19.4,149,8639,1,24,0,0
8.3,54,4.9,50,18.7,126,5988,1,21,0,0
7.2,25,5.6,50,19.9,147,7512,0,24,0,0
11.4,45,5.5,100,20,155,11863,0,29,4,1
37.5,9,8.4,50,16.2,509.030272882458,8844,0,23,0,0
6.7,76,2.6,50,18.1,123,7889,0,22,0,0
4.7,69,9.7,50,17.3,131,8505,0,24,0,0
7,28,9.2,50,17,146,8052,0,22,0,0
7.9,9,0.2,50,19.3,131,5399,1,25,0,0
11.8,36,8.8,50,18.8,132,5657,0,22,0,0
12.5,53,3.9,50,19.5,281,11202,0,38,7,3
1.7,18,7.7,50,16.9,102,5173,0,25,0,0
12.1,35,8.3,50,17.5,138,9707,1,22,0,0
10.6,69,9.3,50,17.9,137,5319,0,22,0,0
9.9,88,3.8,50,20,144,5904,1,22,0,0
8.2,40,7.4,50,15.9,115,7372,0,22,0,0
30.5,13,6,50,24.8,584.147312513723,7054,0,21,0,0
37.9,82,7.2,50,19.8,513.750781284498,7285,0,22,0,0
10.1,64,8.8,50,17.3,178,7274,1,28,4,1
9.8,53,-11.8,50,19.7,224,10138,0,32,28,2
25.3,53,7.3,50,22.7,526.88668547391,9251,0,34,8,2
9.7,72,4.3,50,20,151,10810,1,28,8,1
13.4,81,3.4,50,19.3,149,7545,0,22,0,0
4.2,25,4,50,17.2,129,5413,0,23,0,0
2,27,9.7,50,15.2,129,9548,0,25,0,0
15.7,48,0.1,50,20.1,135,8666,1,22,0,0
6.9,88,8.5,50,17.2,112,7719,1,23,0,0
12,15,3.8,50,20.2,140,7421,1,23,0,0
4.5,45,2.6,50,19.3,126,7228,1,23,0,0
11.7,53,7.2,50,17.8,123,6973,1,22,0,0
7.9,86,9.7,50,15.2,177,10439,0,29,1,1
6.5,28,4.9,50,19.8,116,9875,0,23,0,0
12.7,72,-12.8,100,20.7,230,12698,0,35,1,2
5.2,51,9.5,50,15,168,10102,0,26,4,1
6.8,64,2.2,50,19.6,149,9774,1,22,0,0
8,70,8.6,50,16.2,135,6565,0,24,0,0
10.9,69,3,50,19.6,123,8636,1,25,0,0
28.5,14,7.5,50,19.9,562.047056748941,7897,1,23,0,0
6.6,45,3.2,50,20.5,107,9639,1,24,0,0
12.3,50,6.4,100,19.2,183,9292,0,26,10,1
6.5,49,1.3,50,19.9,109,5522,0,25,0,0
9.2,78,8.3,50,15.8,106,5247,0,21,0,0
9.8,75,7.1,50,18.6,114,8196,0,25,0,0
0.8,83,9.4,100,21,242,12232,1,31,20,2
9.5,46,3.6,100,20.3,173,7276,0,28,14,1
8.3,6,9.7,50,15.8,118,8413,1,24,0,0
14.3,46,-0.1,100,19.5,273,13297,0,39,37,3
14,79,2.4,50,20.5,106,9556,1,24,0,0
25.7,49,0.9,50,20.7,663.899137077211,5942,0,21,0,0
8.1,61,6,50,16.6,187,10129,0,29,10,1
9.8,50,1.9,100,20.2,282,11921,0,40,26,3
10.3,75,0.6,50,20.2,115,8203,0,25,0,0
12.2,53,2.4,50,19.3,161,7722,1,28,14,1
3.9,14,6.8,50,18.3,116,7240,0,25,0,0
8.8,22,9.2,50,17.2,106,8283,1,21,0,0
11.2,58,1.9,50,19.1,158,7524,0,29,2,1
3.9,8,1.7,50,20.3,118,8280,0,24,0,0
5.6,41,8.9,50,18.4,150,5819,1,24,0,0
4.3,72,1.1,50,20.5,120,8154,0,23,0,0
14.9,15,8.7,50,15.6,104,6340,1,24,0,0
2.6,34,6.3,50,18.9,112,8262,0,23,0,0
6.4,74,10,50,14.8,134,9828,1,23,0,0
9.9,14,3,50,19.5,141,6892,0,22,0,0
3,89,8.2,50,16.9,103,5602,0,25,0,0
10.5,66,1.7,50,20.6,104,6808,0,25,0,0
10.8,54,8.9,50,17.5,132,7087,0,21,0,0
25.3,66,3.2,50,20.9,591.078981049588,9258,1,23,0,0
9.8,45,4.2,100,19.5,187,8166,1,28,3,1
11.9,37,2.6,50,21,123,7440,0,24,0,0
8.3,51,9.2,50,17.2,130,7462,0,23,0,0
11.8,48,6.3,50,16.6,119,5496,1,23,0,0
8.4,87,7.1,50,17.1,155,11923,1,27,9,1
2.2,58,2.5,50,19.5,134,8073,1,21,0,0
11.4,78,2.1,50,20.7,215,11056,0,31,26,2
6.8,0,6.8,50,15.4,108,8951,1,21,0,0
9.8,73,4,50,20.1,139,7420,1,25,0,0
39.4,54,5.1,100,15.4,528.61239054468,9250,0,33,17,2
2.4,51,9.3,50,17.5,101,7711,0,23,0,0
11.1,67,1.5,100,19.1,194,10066,0,30,8,1
8.9,81,8.2,100,19.2,173,10768,0,28,8,1
1.7,8,2.6,50,19.3,136,5506,1,22,0,0
6.2,64,8.7,50,18.2,130,5636,0,21,0,0
8,74,9.4,50,17.5,127,6971,1,23,0,0
11,36,3.3,50,19.5,112,8970,0,22,0,0
7.9,52,4.6,50,18.3,167,9721,0,27,7,1
8.6,56,4.6,100,20.1,186,7106,0,29,5,1
10.1,4,8.5,50,17,118,8614,0,25,0,0
6.2,17,9.4,50,16.8,147,7725,0,24,0,0
9.9,4,1.1,50,20.5,126,6501,0,22,0,0
5.1,1,1,50,20.8,132,9010,0,22,0,0
6.2,46,4.9,50,19,129,7702,0,21,0,0
27.1,12,8.4,50,15.5,625.168238996475,6862,0,23,0,0
4.3,76,5.1,50,18.5,109,5989,0,23,0,0
5,73,7.9,50,16.8,108,8488,1,24,0,0
3.9,76,2.1,50,19.7,147,8252,0,25,0,0
2.8,45,1.2,50,19.3,139,9016,0,22,0,0
10.1,17,3.7,50,20.8,107,9930,1,22,0,0
11.7,62,6.1,100,20.5,294,15470,1,36,24,3
8.6,15,8,50,15.9,124,5870,0,21,0,0
13.3,83,-9.6,50,19.2,208,13874,1,33,29,2
10,31,9.3,50,16.1,130,8264,0,22,0,0
8.5,69,7.1,50,17.6,144,7161,1,23,0,0
4.2,78,8.8,50,15.5,137,6558,1,23,0,0
7.8,34,3.7,50,20.9,119,7622,1,22,0,0
8.5,58,0.3,50,19.8,128,6798,0,21,0,0
5,3,7.2,50,17.3,113,8724,0,21,0,0
33.5,59,8.2,50,24.2,693.683826100082,9901,0,24,0,0
8.6,41,9.5,50,14.1,124,6202,0,23,0,0
8.4,75,6.6,50,20.4,146,6047,0,24,0,0
8.2,48,0.3,50,19.2,132,7787,1,22,0,0
10.4,63,9.9,50,15.6,117,7204,1,24,0,0
6.9,85,-6.8,50,19.4,248,9239,0,35,12,2
6.9,83,7.6,50,20.7,124,5292,0,23,0,0
5.7,53,7.2,50,18.1,126,8874,0,23,0,0
5.5,1,7.2,50,18.4,127,9845,0,21,0,0
8.1,29,9.1,50,17.8,121,5206,0,22,0,0
11.8,5,5.4,50,20.4,139,8290,1,24,0,0
10.6,50,5.3,50,20,175,10113,0,26,7,1
7.4,65,6,50,17.7,111,9831,0,22,0,0
4.7,7,4.7,50,16.8,141,8858,1,25,0,0
9.3,72,5.1,50,20.6,137,9904,0,22,0,0
1.3,90,0.2,50,19.2,143,7774,1,25,0,0
9.6,80,4.6,50,17.5,141,9837,0,23,0,0
3.8,40,3.3,50,20.5,101,8806,1,22,0,0
26.2,29,1.8,50,23.8,515.575797818258,8486,0,22,0,0
10.7,83,2.7,50,19.8,145,9710,1,21,0,0
4.7,17,7.9,50,16.1,120,9272,1,22,0,0
8.5,48,6,50,19,127,5584,0,23,0,0
12.6,56,0.4,50,19.8,160,8857,0,29,2,1
8.5,74,1.7,50,20,128,8498,0,21,0,0
10.5,86,-0.3,50,19.8,238,12971,0,35,8,2
10.1,62,8.6,50,17.6,117,5892,0,23,0,0
7.7,71,4.4,50,19.3,195,10784,0,29,2,1
14,56,0.6,50,19.5,182,8267,0,28,10,1
6.4,63,0.2,50,20.6,128,5364,1,22,0,0
11.2,60,3.6,50,20,129,8727,0,22,0,0
8.2,60,9,50,15.7,136,9119,1,23,0,0
6,70,0.8,50,20.6,130,5449,0,21,0,0
7.2,84,3.4,50,19.2,148,5020,0,25,0,0
31.7,43,9.9,50,23.4,614.463037126015,7040,0,23,0,0
16.2,57,-11,50,19.7,240,13529,1,32,26,2
12.8,57,1.6,50,20,137,7268,1,21,0,0
6.6,66,8.7,50,17.9,143,7753,1,22,0,0
6.8,87,3.1,50,20.6,103,5553,0,23,0,0
7.3,30,3.2,50,20.4,101,8978,0,21,0,0
10.7,43,5.2,50,19.8,111,9056,0,22,0,0
4.5,46,9.2,50,15,119,8096,0,25,0,0
29.9,86,1.9,50,21.3,555.038042354695,7359,0,30,14,1
12.5,57,0.7,50,20.2,104,7662,0,22,0,0
8.2,7,6.2,50,19.6,122,5965,0,24,0,0
8.6,66,9.4,100,20.9,168,7747,0,28,14,1
28.5,81,8.1,50,23,670.297836329309,6149,0,21,0,0
7.7,37,9.8,50,15,115,5864,0,25,0,0
5.2,19,5.7,50,16.2,121,8246,1,24,0,0
6.4,86,4.8,50,19,125,6551,1,25,0,0
11.7,12,2.3,50,18.3,138,7369,0,21,0,0
9.1,63,9.6,50,15.4,148,8211,0,21,0,0
13.2,54,0,50,19.1,278,13181,1,40,35,3
8.2,85,8.3,50,15.6,122,7354,0,21,0,0
5.9,84,5.8,50,20.5,118,8108,0,21,0,0
7.3,48,0,50,20.7,113,9030,0,21,0,0
10.8,61,3.7,100,21,248,12964,1,33,1,2
7.4,60,2.8,50,20.3,123,9181,0,23,0,0
13.1,74,-11.2,100,20.1,287,11102,0,38,40,3
8.1,44,1.2,50,20.6,145,9555,1,23,0,0
8.5,3,5,50,17.4,119,7163,1,21,0,0
10.1,50,7.4,50,18.5,122,7421,1,21,0,0
28,8,9.2,50,24.6,622.680369304434,7963,1,21,0,0
6.3,6,0.3,50,20,121,8602,1,23,0,0
13.6,48,2.3,100,19.1,207,11671,1,33,14,2
7.1,86,2.8,50,20.3,109,7433,1,25,0,0
13.2,12,7.7,50,19.4,136,8770,0,23,0,0
13.4,85,2.7,100,20.3,174,8573,0,29,6,1
9.8,4,8.6,50,15.6,113,7416,1,22,0,0
15.5,80,2.1,100,20.2,171,10901,1,27,14,1
8.4,55,5.6,50,19.5,109,9064,0,21,0,0
8.6,51,5.2,50,19.8,160,8264,0,27,12,1
6.8,46,1.5,50,19.3,136,9689,1,25,0,0
10.5,88,8.6,50,17.7,122,5047,0,21,0,0
13.5,84,1.5,50,20.3,246,9599,0,32,1,2
6.2,73,8.5,50,16,146,6604,0,21,0,0
6.1,17,6.7,50,18.9,104,5958,0,23,0,0
8.4,2,4.3,50,18.2,105,8792,1,23,0,0
3.9,45,5.4,50,19.3,143,8612,0,21,0,0
4.4,44,3.6,50,19.1,122,6374,1,21,0,0
12.3,46,9.7,100,19.9,169,7333,1,26,10,1
6.2,48,4.8,50,16.7,110,6073,1,21,0,0
9.8,47,3.5,50,17.9,114,8272,0,25,0,0
11.7,57,-3.6,50,19.3,248,10647,0,33,16,2
14.8,88,-10.1,100,20,223,11704,1,33,11,2
31.5,81,6.7,50,16.7,697.420017184823,5605,0,23,0,0
27.4,62,3.3,50,24,637.204844787178,8250,0,25,0,0
10.3,48,2.3,100,20.2,219,10085,1,35,5,2
7.7,23,8.3,50,17.6,116,5910,0,24,0,0
38.5,42,3.7,50,17.1,545.506775387293,8329,0,23,0,0
7.4,11,6.4,50,16.9,133,6699,1,23,0,0
8.5,39,2.7,50,20,150,8039,0,22,0,0
11.8,61,3.7,50,20.7,183,10071,0,30,1,1
6.8,45,6.7,50,18.1,123,6715,0,23,0,0
6.7,87,6,50,15.9,120,6685,0,25,0,0
3.2,60,5.4,50,18.1,107,7785,1,23,0,0
10,90,0.2,50,19.7,142,6427,0,24,0,0
10.7,78,3.5,100,19.4,178,10203,0,26,2,1
36.7,63,7.9,50,17.5,665.928761070586,5960,0,23,0,0
9.2,86,4.1,50,20,132,7248,0,23,0,0
9.8,10,7.2,50,18.8,146,5276,1,21,0,0
13.2,45,-10.8,100,19.2,246,12528,1,32,0,2
9.9,37,7.3,50,17.2,110,9200,1,25,0,0
7,90,2.8,100,20.2,180,11521,0,29,3,1
5,28,1.8,50,19.9,113,7243,0,24,0,0
8.4,14,6.9,50,18.4,145,7203,1,24,0,0
16.2,75,0.4,50,19.5,153,7120,0,27,7,1
12.3,68,2,50,20.5,154,7738,0,30,11,1
10.2,43,6.4,50,19.1,139,7502,0,22,0,0
5.8,70,5.6,50,18,126,7890,1,25,0,0
8.6,55,4.8,50,20.5,138,6559,0,25,0,0
25.5,85,6.8,50,20.5,652.40654420781,6387,1,24,0,0
14,83,-14.2,50,19.9,273,11362,1,37,42,3
8.5,84,0.1,50,20.1,107,5481,0,25,0,0
2.1,57,9.1,50,17,104,8019,0,24,0,0
6.7,67,3,50,18.7,135,5641,0,22,0,0
11.4,17,6.1,50,17,136,8298,1,22,0,0
38.2,64,2.5,50,15.1,688.950016042042,6706,1,25,0,0
7.5,31,9.2,50,15.8,128,6097,0,24,0,0
4.4,21,2.6,50,20,150,6577,0,21,0,0
4.9,20,0.6,50,20.1,112,7580,0,25,0,0
6.8,37,7.3,50,19.4,148,6680,0,21,0,0
15.5,52,-3.6,100,19.9,220,13346,0,33,2,2
8.7,75,4.9,50,18.1,116,8490,1,22,0,0
6.9,51,2,50,19.7,151,10137,0,30,3,1
31.9,76,0.3,50,20.5,677.563528067164,7718,1,22,0,0
4.4,74,2.1,50,20,121,5753,0,25,0,0
13.5,67,2.6,100,19.3,162,8346,1,26,15,1
7.3,44,8.8,50,16.2,103,5012,0,24,0,0
9.6,64,1.8,50,20.6,114,9267,1,24,0,0
10.2,30,2.6,50,20.8,130,6797,0,22,0,0
6.4,12,6.2,50,20.6,114,9752,0,24,0,0
31.3,75,1.5,50,24,696.530482298714,5645,0,23,0,0
8.7,14,9.1,50,15.2,147,8788,1,24,0,0
5.9,39,7.8,50,16.9,140,9194,1,22,0,0
5.5,19,4.6,50,17.4,137,8437,0,25,0,0
7,63,0.4,50,20.2,132,6107,1,24,0,0
12.8,67,8.4,100,20.6,162,9031,1,27,8,1
35.6,22,1.1,50,19.5,520.150568791915,9276,0,25,0,0
9.3,2,8.7,50,15.9,109,9802,1,25,0,0
7.8,50,6.3,50,19.3,109,9829,0,23,0,0
9.5,64,7.3,100,19.6,163,10048,0,27,7,1
6.6,49,6.8,100,20.2,187,7261,1,30,7,1
8.5,82,0.8,50,20.6,130,9082,1,22,0,0
7.6,67,7.4,100,20.5,166,11869,1,28,4,1
4.8,48,2.9,50,18.4,133,6417,0,21,0,0
10.4,55,9.7,50,15.9,104,6982,1,23,0,0
8.1,34,9.5,50,15.2,147,6605,0,23,0,0
11.3,16,7.1,50,17.1,140,9814,0,23,0,0
2.1,62,4.4,50,19.5,141,7432,0,24,0,0
6.3,8,0.1,50,20,150,6445,0,22,0,0
9.6,35,3.4,50,19.1,116,8387,0,23,0,0
11.5,62,6.6,50,15.2,153,8528,0,26,11,1
6.9,46,5.6,50,17.5,137,9357,0,21,0,0
5.5,11,5.9,50,18.1,123,8985,0,21,0,0
13,52,2.8,100,20.8,221,10665,1,32,18,2
14.8,90,0.1,100,19.2,193,8260,1,29,12,1
11.4,2,8.2,50,16.9,119,8058,1,22,0,0
8.3,67,5.1,50,18.8,102,6678,1,25,0,0
7.2,1,0.7,50,20.2,135,5355,0,24,0,0
5.1,75,7.9,50,17.6,111,5202,0,21,0,0
7.3,24,0.3,50,19.3,115,9335,1,25,0,0
5.3,40,0.7,50,20.6,146,9322,0,24,0,0
12.9,66,9.4,50,17,190,11108,0,26,7,1
11.5,2,4.7,50,19.6,103,9263,0,21,0,0
3.8,14,8.1,50,17.1,123,7586,1,23,0,0
4.9,39,4,50,19.9,120,5854,0,23,0,0
9,77,2.6,50,20.9,117,7976,0,24,0,0
13.1,77,-0.3,50,19.9,248,11496,1,33,16,2
3.9,21,5.1,50,19.3,150,6752,0,21,0,0
10.9,13,5.7,50,16.9,101,5652,0,21,0,0
4.4,53,0.6,50,19.5,113,7251,0,24,0,0
9.7,37,1.8,50,20.4,143,5588,1,24,0,0
15.6,12,6.4,50,20,117,9811,1,22,0,0
7.2,47,2.9,50,19.2,115,7218,0,25,0,0
8.6,87,0,50,19.5,147,8603,1,21,0,0
11.9,12,4.7,50,18.3,149,9972,0,21,0,0
4.4,88,1.5,50,19.6,115,5928,1,24,0,0
12.1,84,4.6,50,19,122,5784,0,23,0,0
9.9,57,9.1,50,16.7,140,7707,0,21,0,0
34.7,76,5.1,100,19.1,581.123878051088,13016,0,32,3,2
9.8,6,5.9,50,19.7,109,9488,1,25,0,0
10.6,40,2.7,50,19.3,115,6343,1,21,0,0
7.4,57,7.7,100,20.3,174,9352,1,29,8,1
4.2,63,9.1,100,20.4,177,8739,0,29,6,1
4.8,65,4.1,100,19.2,183,11388,0,30,15,1
16.9,87,1,50,20.2,150,5900,0,25,0,0
10.4,25,6.9,50,16.4,102,7047,0,25,0,0
8.6,75,4.3,50,18.1,127,7246,0,21,0,0
32.5,20,5.8,50,20.5,611.768174190933,6018,0,25,0,0
8.8,16,2.5,50,19.3,107,7489,0,21,0,0
8,13,0.1,50,19.4,131,6685,0,22,0,0
8.1,59,2.6,50,20.9,131,9815,0,23,0,0
11.9,55,-8.4,100,20.3,276,11339,1,40,13,3
13.9,76,5.3,50,20.7,125,6567,1,22,0,0
26.3,19,3.6,50,20.9,619.872710347653,6261,0,22,0,0
7.2,39,0.5,50,19.4,108,5520,0,21,0,0
5.8,89,8.5,50,16.8,161,9460,0,29,8,1
8.9,72,1.3,50,18.8,113,6317,0,23,0,0
35,80,3.4,50,24,511.557639403973,10295,0,28,7,1
8.2,77,-4.1,50,20,226,9633,0,34,8,2
10.4,76,4.1,50,19,107,6016,0,25,0,0
9.2,32,5.8,50,17.3,150,5636,0,25,0,0
33.6,23,3.4,50,23.5,548.385545623847,9718,0,23,0,0
9.8,1,7.3,50,19.1,122,5225,1,23,0,0
0.5,19,0.6,50,20.4,126,9086,1,24,0,0
8.4,59,3.5,50,18.8,134,5022,1,21,0,0
4,53,4.4,50,18,141,8449,1,24,0,0
10.3,89,4.9,50,18.7,117,7893,0,25,0,0
32.2,72,0.7,100,20.1,665.836355989984,13933,1,34,26,2
7.1,51,5.3,50,18.5,142,5788,0,23,0,0
7.1,20,1.7,50,19.9,133,5441,1,22,0,0
10.1,84,3,50,19,147,6229,0,22,0,0
5.7,29,6.4,50,18.5,143,6323,0,23,0,0
8.7,67,5.7,50,16.8,130,6375,0,23,0,0
11.5,60,7.5,100,20.6,178,7057,1,27,14,1
11.8,54,-6.5,50,20.8,276,11827,1,36,42,3
28.8,39,6.3,50,15.7,520.754941726948,7491,0,22,0,0
10.8,3,6.6,50,17.9,125,6528,0,22,0,0
7.5,31,7.1,50,17.5,123,8598,0,25,0,0
29.7,88,2.6,50,20.8,690.118793186225,7857,1,23,0,0
15.6,55,2.2,50,19.5,193,10875,0,28,7,1
4.4,11,8.9,50,16.9,126,6850,1,24,0,0
32.3,66,3.3,100,22,602.643995165564,8996,1,27,9,1
11,26,0.9,50,19.6,129,8961,0,24,0,0
11.2,20,7.2,50,18.7,128,7306,0,23,0,0
10.9,80,4.7,50,20.9,120,9809,0,24,0,0
10.5,47,2.7,50,19.4,134,6615,0,24,0,0
8.1,66,4.1,50,19.4,121,7721,0,23,0,0
4,84,6,50,18.6,146,8190,1,22,0,0
5.6,24,2.9,50,20.6,102,5381,0,21,0,0
7.1,10,6.8,50,18.5,137,5001,1,25,0,0
10.8,76,0.9,50,20,134,7853,1,23,0,0
5.6,45,6.9,50,17.7,146,9710,0,23,0,0
11.1,77,1.3,50,20.8,127,6332,1,25,0,0
9.3,43,1.2,50,20.4,137,6836,0,21,0,0
16.9,77,2.6,50,20.3,275,13252,0,37,2,3
6.9,70,3.3,50,18,139,5649,0,23,0,0
2.2,26,2.8,50,19.6,116,7610,1,22,0,0
10.6,46,0.8,50,20.6,187,7441,1,29,9,1
4.2,46,5.5,50,18.1,148,9512,1,25,0,0
7.8,77,5.1,50,17.2,113,8659,0,22,0,0
9.9,70,-12.5,100,19.9,233,12627,0,35,18,2
15.9,68,2.1,50,19.4,135,8829,0,24,0,0
13.3,28,4.6,50,20.1,143,8809,0,25,0,0
11.2,10,3.5,50,19.6,104,8941,1,21,0,0
38.1,38,1.9,50,15.8,549.3376859488,9028,1,23,0,0
10.6,37,8.8,50,16.5,116,7891,0,23,0,0
35.3,49,9.5,50,17.9,611.97862030719,6891,0,21,0,0
6.3,15,4.1,50,18.8,110,7543,0,24,0,0
3.5,54,2.6,50,20.6,147,7746,0,23,0,0
35.7,39,8.3,50,16.7,520.896479061567,6454,0,22,0,0
10.6,62,-3.1,50,19.3,236,10616,0,33,19,2
9.8,23,3.8,50,20.6,118,8419,0,24,0,0
13.6,82,5.1,50,19.7,135,9420,0,25,0,0
6,9,1.1,50,19.2,141,9497,1,21,0,0
8,3,3.5,50,20,124,7477,0,25,0,0
8.7,84,3.8,50,18.5,131,6442,0,23,0,0
12.2,53,-3.3,100,19.1,220,10612,1,35,20,2
15.6,8,9.9,50,13.8,147,6816,1,23,0,0
10.1,72,-10.3,50,19.9,224,10671,0,31,1,2
35.4,86,7.3,50,20.3,575.832172795989,5535,0,24,0,0
7.6,56,8.9,50,17.2,121,5512,0,21,0,0
13.5,47,-9.5,50,19.8,208,9670,1,35,5,2
36.6,68,-11.8,100,16.7,508.780922726127,12878,0,37,11,3
9.6,70,8.1,50,17.4,137,8499,0,25,0,0
9.4,85,7.2,50,17.7,104,6949,1,22,0,0
32.3,35,1.6,50,20,564.332494278949,6431,0,25,0,0
6.4,62,6.7,100,19.4,180,8004,0,26,4,1
28.3,88,2,100,22.1,656.530312564575,8276,0,26,5,1
29.7,63,3.9,50,23.2,610.788346770928,9741,0,23,0,0
7.6,25,3,50,20.1,149,7194,0,25,0,0
11.1,69,8.1,100,19.9,186,11001,0,26,0,1
10.5,53,8.6,50,16.7,175,9495,0,27,3,1
11.9,77,3.4,50,20.5,242,10023,0,31,4,2
14.1,79,6,100,20.4,166,10190,0,26,13,1
11.2,81,3.1,50,19.5,168,7533,0,29,3,1
10.4,52,9.3,50,19.1,148,9423,0,24,0,0
11.4,30,1.8,50,19.7,124,7688,1,22,0,0
9.2,85,5.4,50,16.4,111,7511,0,22,0,0
8.2,52,9.3,50,16.4,147,8925,0,21,0,0
11.7,73,9.9,100,20.2,192,8260,1,30,10,1
7.3,32,6.4,50,19.2,110,7470,1,23,0,0
7.7,81,1.6,50,20.7,101,9451,0,24,0,0
6.9,77,1.2,50,19.1,169,9956,0,29,15,1
31.4,43,0.8,50,17,682.159582209774,9246,0,25,0,0
4,26,5.2,50,18.5,130,5445,0,22,0,0
10.2,61,9.4,50,16.1,195,11020,0,27,11,1
10.7,66,1,50,20.1,142,5208,0,22,0,0
6.4,76,0,50,20.9,117,9541,0,24,0,0
6,2,4.3,50,20.7,131,8071,0,21,0,0
25.2,74,1,50,21.6,557.870482044449,7364,1,25,0,0
5.8,30,2.7,50,19.7,126,8364,0,22,0,0
10.9,60,2.3,50,19.2,125,7750,0,23,0,0
5.3,6,9.8,50,14.5,123,5932,0,25,0,0
9,28,9.1,50,16.4,117,6467,0,25,0,0
13,11,8.6,50,18.3,120,6086,0,22,0,0
28.6,2,6.4,50,16,552.042273587151,8646,1,22,0,0
3.9,2,9.1,50,16,108,9562,1,24,0,0
11.6,81,6.6,50,18.5,115,7814,0,25,0,0
10.4,56,2.3,50,20,150,9050,0,25,0,0
9.9,80,5.3,50,18.2,152,9916,0,26,10,1
7.7,81,9.4,50,15.8,116,9915,0,22,0,0
8,50,6.6,50,16.3,131,8581,0,24,0,0
9.3,83,8.3,50,18.1,187,8207,0,30,9,1
9.4,20,2.6,50,19,109,6315,0,24,0,0
5.2,73,0.9,100,20,163,11454,1,26,12,1
9.2,62,9.9,50,16.5,124,5198,0,21,0,0
4.9,42,9.2,50,17.3,139,8920,0,25,0,0
6,4,8,50,16.5,112,9507,1,23,0,0
36.4,11,4.2,50,19.3,625.328736662352,7595,0,23,0,0
9.6,61,4.7,50,17.9,133,7474,1,25,0,0
9.8,45,7.2,50,18.8,236,12814,0,32,16,2
6.5,14,2.1,50,19.6,102,8147,1,22,0,0
11.3,56,3.2,50,19.2,134,8626,1,22,0,0
14.8,53,-8.5,100,19.7,244,11369,1,33,23,2
5.9,49,2.1,50,19,114,9835,0,24,0,0
4.1,3,4,50,18.9,130,7507,1,21,0,0
14.4,74,0.4,50,19.2,116,7257,0,23,0,0
9.4,73,8.3,50,16.1,171,8874,1,30,2,1
37.7,56,1.4,50,24.1,664.125478683807,8386,0,25,0,0
35.6,90,-8.5,100,20.3,595.575415424546,13542,0,35,8,2
6.7,64,1.9,50,19.5,148,5144,0,22,0,0
17.2,77,-0.5,50,20.7,259,14932,0,38,16,3
9.3,12,7,50,17.8,125,9638,0,23,0,0
30.7,39,0.7,50,23.2,573.250601199695,8169,1,25,0,0
9.6,55,3.7,50,20.4,124,9988,0,21,0,0
12.5,64,2.5,50,20.8,110,5653,1,25,0,0
9,49,0.5,50,19.3,133,7514,0,21,0,0
12.4,13,2.7,50,20.9,108,8969,1,22,0,0
9.4,7,4.2,50,18.4,123,8006,0,24,0,0
4.8,76,1.5,50,19.9,124,9540,0,22,0,0
15.5,79,6.3,100,20.5,236,10972,1,33,30,2
13.5,82,8.1,50,17.5,119,5102,0,23,0,0
4.2,33,4.2,50,20.2,127,7861,1,25,0,0
6.2,4,4.9,50,17.2,135,8848,0,21,0,0
25.6,29,2.5,50,15.3,647.824933427309,8061,0,23,0,0
7.3,72,4.3,50,19.3,136,6368,0,23,0,0
10.2,73,5.4,100,20.5,177,10395,1,28,6,1
2.9,81,0.3,50,19.2,148,5271,0,23,0,0
7.5,9,6.1,50,18.3,146,7048,1,25,0,0
28.5,52,5.8,50,15.5,641.022629327799,9292,0,25,0,0
11.9,39,9.3,50,17.6,143,6485,0,25,0,0
5.5,74,4.1,50,20.1,128,7649,0,21,0,0
10.4,56,4.1,50,19.2,136,7739,1,21,0,0
8.9,82,4,50,19.3,144,8742,1,23,0,0
9,68,9.3,100,20.9,159,8789,0,29,14,1
11.9,47,2.1,50,19.9,138,6100,0,22,0,0
11.7,24,5.7,50,19.4,148,6073,0,25,0,0
38.2,83,8.4,100,19.4,617.78872970147,9161,0,28,8,1
4.2,0,2.5,50,19.9,146,6076,0,21,0,0
8.7,17,2.9,50,19.1,113,8659,0,22,0,0
2.7,66,0.7,50,19.7,145,9048,1,23,0,0
7.6,15,9.8,50,16.2,132,7691,1,21,0,0
16.5,89,-14.1,50,20.8,201,10212,1,32,15,2
7.2,33,4.6,50,19.1,119,9262,1,24,0,0
8.2,20,2,50,20.7,112,7634,0,23,0,0
31.1,38,6.1,50,22.1,545.374103266299,8233,0,24,0,0
29.5,57,5.9,50,22.5,658.832541767522,7363,1,23,0,0
5.2,87,5,50,19.2,137,5426,0,21,0,0
39.1,82,1.3,50,24.9,517.713634765016,8744,1,26,5,1
11.3,62,4.4,100,20.8,238,9590,1,34,17,2
4.6,39,4.9,50,20.4,107,8488,0,21,0,0
8.7,50,3.6,50,20.6,199,9875,1,29,7,1
11.6,26,1.3,50,20.3,145,9690,0,23,0,0
8.1,70,7.1,50,18,181,11748,0,26,8,1
9.2,79,-1.9,50,19.9,232,11927,0,35,9,2
37.8,87,-5.6,50,15.9,666.890842978339,11569,1,31,9,2
6.8,55,1.5,50,20.3,107,6563,0,23,0,0
7.2,43,4.1,50,18.2,101,8257,0,25,0,0
7.9,55,2.7,50,19.8,117,5127,1,22,0,0
10,78,3.7,50,19,122,5961,1,21,0,0
9.4,28,3.2,50,20.5,103,9646,0,25,0,0
6.6,79,8.6,50,17.2,128,9265,0,23,0,0
6.1,13,5.8,50,17.9,120,9733,0,24,0,0
9.3,41,5.7,50,18,144,6785,0,22,0,0
10.4,60,6.1,50,18.4,144,6798,1,24,0,0
6.6,72,3.1,50,20.4,183,11385,1,27,8,1
5.8,79,9.2,50,18.6,120,9766,1,21,0,0
9.3,13,4.7,50,18.5,114,5013,0,24,0,0
11.5,87,4.4,100,19.8,297,14562,0,39,2,3
3.9,2,1.3,50,20.4,150,6732,0,25,0,0
5.4,78,8.1,50,16.9,103,6674,0,23,0,0
4.1,27,5.3,50,18.1,107,9096,1,22,0,0
6.9,82,5.6,50,18.8,148,8973,0,22,0,0
8.7,66,9.9,50,16.5,139,6811,1,21,0,0
9.4,58,2.1,50,19.9,129,9384,1,23,0,0
7.5,62,6.3,50,18.6,192,8996,0,30,12,1
35.1,51,1.6,50,19.7,569.352014384014,9930,1,25,0,0
14.8,84,0.2,100,20.3,171,11161,0,30,3,1
5.7,29,8.3,50,17.1,127,5309,0,23,0,0
15.8,76,8.5,100,20.6,249,12211,0,34,27,2
12.8,90,-12.7,100,19.3,233,12039,0,32,19,2
12.4,29,4.9,50,18.6,120,8033,1,25,0,0
0.7,34,1.4,50,19.9,103,9183,0,23,0,0
4.4,36,7.6,50,17.7,122,8514,1,22,0,0
2.6,57,1.9,50,19.3,144,7313,0,22,0,0
5.9,70,4.7,50,18.5,143,7769,1,25,0,0
4.3,34,9,50,15.9,116,8062,0,24,0,0
14.8,24,1.5,50,20.6,106,5694,0,22,0,0
10.8,56,9.1,50,17.5,210,13737,0,33,21,2
8.4,66,0.4,50,20.1,107,8322,0,23,0,0
4.9,4,9.5,50,17.6,104,5541,0,23,0,0
9.1,41,3.6,50,19.9,129,6160,0,25,0,0
9.7,2,8.3,50,19.7,137,5824,0,22,0,0
29.1,15,3.8,50,21,659.853193191994,9732,0,21,0,0
6.3,10,9.2,50,16.9,139,7145,1,22,0,0
11.2,31,9.2,50,16.1,140,7166,1,23,0,0
27.5,38,7.6,50,21.5,622.415863640772,7408,0,25,0,0
13.5,56,7.6,100,20.7,178,7737,0,30,6,1
5.4,52,5.1,50,18.1,121,5364,0,23,0,0
9.3,48,7,50,18.1,127,9157,0,21,0,0
5.6,57,9.8,50,16.9,126,7480,1,25,0,0
3.1,40,4.8,50,19,121,5089,1,21,0,0
27,9,4.2,50,21.9,542.4741310605,6189,0,24,0,0
11.3,5,2.2,50,20.7,136,5914,1,24,0,0
9.1,70,5.8,50,17.8,168,9005,1,28,14,1
11.3,70,5.5,50,18.3,164,11997,0,30,10,1
9.7,80,1.6,50,20.3,103,7992,1,22,0,0
7.6,77,6.4,100,20.7,211,9348,0,34,3,2
9.3,88,0.8,50,20.4,120,9258,1,23,0,0
12.5,82,-3,50,20.4,276,15726,0,40,8,3
10.1,55,5.6,50,19.5,107,9243,0,22,0,0
6,0,5,50,19.3,114,7219,0,22,0,0
11.6,61,8.1,50,16.1,145,8576,1,24,0,0
9.9,43,9,50,15.9,144,8985,0,21,0,0
10.2,86,8.1,50,17.7,118,5836,0,22,0,0
11.1,2,7.9,50,15.3,146,5699,0,22,0,0
4.2,69,4.9,50,18.6,147,9554,1,25,0,0
37.2,43,4,50,18.6,616.083633156029,8637,0,21,0,0
0.8,15,8.9,50,17.7,150,6860,0,25,0,0
8.5,32,5.7,50,17.9,102,6684,0,22,0,0
8.7,73,5.3,50,16.4,162,9513,0,30,7,1
27,59,2.8,50,20,521.323854561085,6306,0,23,0,0
35.4,51,0.9,100,17.5,562.281129008976,9588,1,33,6,2
3.4,78,4.9,50,19.9,121,5963,1,21,0,0
5.7,43,4.5,50,19.5,133,8571,0,22,0,0
8.9,14,0.1,50,19.8,106,7667,1,24,0,0
25.2,76,9.1,50,15.2,501.669947502754,7827,0,23,0,0
1.1,21,2.2,50,20.1,107,7728,1,24,0,0
12.3,75,8.7,100,19.4,172,10208,1,26,15,1
12.1,20,4.8,50,18,109,6819,0,25,0,0
2.7,2,1.1,50,19.4,110,5809,0,23,0,0
6.8,83,6.6,50,17.8,141,6453,0,25,0,0
10.8,70,9.2,50,14.7,130,8892,0,21,0,0
11.9,90,0.6,100,20.5,166,11868,0,30,13,1
25.3,48,3.6,50,21.3,625.934530371977,5075,1,25,0,0
12.3,36,3.3,50,20,147,9016,0,24,0,0
4.9,0,7.2,50,15.6,115,7802,0,24,0,0
7.1,26,0.7,50,20.4,107,5326,1,24,0,0
11.8,43,4.3,50,20.7,131,6016,1,25,0,0
6.3,76,8.2,50,16.2,149,6481,1,21,0,0
11.8,71,0.8,50,19.2,160,10962,0,26,7,1
7.9,84,9.2,100,19.1,164,9746,1,30,2,1
12.6,77,6.8,50,18,146,9840,1,22,0,0
13.1,49,2.6,100,19.9,167,8936,1,26,13,1
7.8,25,1.4,50,20.5,106,6959,0,22,0,0
3.3,14,9.6,50,16,144,6537,1,22,0,0
13.6,69,8.2,50,18.9,223,13897,1,32,27,2
8.4,6,8.4,50,15.2,121,7885,1,25,0,0
10.9,65,3.1,100,20.7,188,9720,1,28,4,1
6,56,3.6,50,19.1,137,5478,0,25,0,0
6.6,59,7.6,50,18,141,7186,0,23,0,0
11.4,87,4.3,50,20.9,194,8616,0,28,2,1
12.2,17,5.5,50,18.6,130,8128,0,22,0,0
8.9,55,5.5,50,18.3,107,9246,1,21,0,0
8.9,37,2.6,50,19.4,116,9238,1,22,0,0
11.5,24,8.2,50,15.9,124,9011,1,24,0,0
11.1,29,9.2,50,17.4,134,7318,1,22,0,0
25.2,69,6.1,50,16.3,550.332887009094,9805,1,21,0,0
13.2,67,-11.5,100,19.8,265,11069,0,37,7,3
8.4,21,3.4,50,20.3,119,6826,1,21,0,0
4.3,55,4.8,50,18.4,145,7750,0,21,0,0
9.8,64,5.9,50,18.6,180,8556,0,30,2,1
6.4,72,1.3,50,19.4,101,9492,0,22,0,0
12.3,89,6.4,50,17.6,135,5508,0,21,0,0
14.2,67,-6.6,50,19.9,214,12075,1,31,6,2
12.3,86,3.3,100,19.1,153,11279,1,26,2,1
9.4,89,6.7,100,20.1,177,10988,0,27,8,1
39,37,7.6,50,22.1,565.942435082841,5197,0,24,0,0
6.6,67,6,50,18.5,125,9950,0,23,0,0
30.7,48,0.1,50,24.4,617.901076835085,9350,0,30,7,1
6.8,56,9.1,50,16.3,148,5862,1,24,0,0
9.3,19,4.2,50,16.5,149,7159,1,21,0,0
10.5,10,9.1,50,16.2,150,9412,1,22,0,0
9.3,13,6.6,50,16.4,134,7335,1,21,0,0
10.7,77,2.5,50,20.5,111,9056,1,21,0,0
8.9,4,6.1,50,19.5,118,6408,1,21,0,0
14.6,68,0.6,50,19.9,146,6565,0,23,0,0
11.5,41,9.6,50,17.5,148,8318,1,25,0,0
14.9,55,3.6,100,20.9,264,15994,0,36,10,3
10,80,2.1,50,21,106,5562,0,24,0,0
4.3,42,6.8,50,18.5,130,6337,1,25,0,0
32.6,86,4.8,50,25,638.993053763728,9165,1,25,0,0
8.1,85,7.8,50,18.3,166,7749,0,28,6,1
11.6,90,7.8,50,16.8,111,5684,0,24,0,0
5.8,62,3.5,50,18.9,114,5442,1,25,0,0
5.4,35,0.6,50,21,141,6036,0,21,0,0
9,69,8.4,50,16.5,110,8275,0,25,0,0
37.6,29,9.9,50,21.5,580.804020572563,7164,0,25,0,0
2.4,72,0.1,50,19.3,160,7960,1,26,5,1
9.7,65,2.6,50,19.1,122,9730,0,22,0,0
8.7,78,4.9,50,19.5,134,8066,0,24,0,0
10.7,22,6.8,50,18.3,139,8624,0,23,0,0
5.3,11,5.9,50,18.2,128,6940,0,25,0,0
35.4,23,2.1,50,19.4,610.443013610926,9408,1,22,0,0
11,57,4.8,50,19.7,192,9256,1,30,13,1
6.1,23,2.8,50,20.7,105,5677,0,24,0,0
11.5,59,-9,50,20.1,279,14691,0,36,3,3
6.3,65,8.1,50,17.8,121,8392,1,25,0,0
5.8,63,9.2,50,15.3,115,7276,0,22,0,0
26.4,24,6,50,20.8,510.332435165798,6733,1,24,0,0
6.2,68,2.9,50,20,113,8645,1,22,0,0
13,52,2.1,50,19.3,237,11575,1,34,18,2
11,12,4.9,50,19.3,137,5705,1,21,0,0
38.6,52,6.6,100,24.1,639.646597962626,7362,1,29,1,1
13,73,8.3,50,16.6,111,6637,1,21,0,0
13.8,87,3.7,100,20.5,225,9933,1,32,3,2
7.3,2,1.4,50,19.1,133,9186,0,25,0,0
9,38,6.1,50,18.8,132,9677,0,22,0,0
6.9,42,4.2,50,19.5,139,7407,1,25,0,0
18.2,46,9.6,50,16.5,265,11872,1,40,19,3
7.7,61,4.3,50,17.8,135,5265,1,25,0,0
11.2,58,5.9,50,17.1,151,7506,1,30,6,1
8,13,6.1,50,17,139,5118,0,21,0,0
7,27,6.6,50,16.9,110,6354,1,23,0,0
4.1,85,8.8,50,16.3,112,7054,1,23,0,0
12.2,66,-9.6,50,19.4,227,11004,0,34,10,2
11.1,77,8.8,50,13.8,198,9176,1,29,8,1
12.3,50,4.9,50,18.2,117,6555,1,24,0,0
16.9,62,-12.3,50,20.7,245,9055,1,32,1,2
9.4,52,8.1,50,18.1,128,9839,1,21,0,0
9.1,5,5.1,50,17.9,122,9698,0,22,0,0
10.7,41,8.2,50,16.5,133,8589,0,21,0,0
10.6,1,7.6,50,17.2,127,6080,1,21,0,0
28.6,38,7.1,50,19.3,646.113254086681,9991,0,21,0,0
9.5,21,5,50,18.9,117,9912,1,21,0,0
8.6,68,0.9,100,20.8,196,11725,0,28,0,1
6.2,10,3.8,50,20.8,144,6833,0,25,0,0
5.1,62,9.8,50,14.3,110,7828,1,24,0,0
17.2,69,-4.6,100,19.1,244,13767,1,33,0,2
6.6,23,3,50,20.2,105,5212,1,23,0,0
9.7,74,9.5,100,20.9,183,7886,0,30,8,1
6.3,71,2.7,50,19.7,164,10983,0,26,15,1
8.7,51,9.1,50,16.7,144,5906,0,25,0,0
10.4,85,2.7,50,20.4,136,6136,0,22,0,0
5.8,32,1.7,50,19.4,150,5821,0,22,0,0
6,80,7.1,100,19.2,196,11848,0,27,8,1
27.6,47,3.3,50,20.6,640.668190903786,8275,0,21,0,0
3.7,60,1.8,50,19.1,133,9976,1,21,0,0
30.3,34,0.9,50,17.4,512.463545009837,8054,1,24,0,0
4.9,11,9.1,50,16.4,130,7718,0,22,0,0
8.5,63,5.3,50,18,143,6097,1,24,0,0
5,4,1.1,50,20.7,143,6179,1,25,0,0
6.7,71,5.6,100,20.6,168,7930,0,28,8,1
12,57,8.4,50,17.4,134,5852,0,25,0,0
10.9,76,3.6,50,20.4,140,9487,0,22,0,0
5,4,4.3,50,19.3,134,9663,0,24,0,0
7.2,13,7,50,18.2,117,5849,0,23,0,0
5.2,19,2.7,50,20,102,5933,1,22,0,0
18.8,45,3.5,100,19.6,259,12635,0,39,32,3
8.9,38,8.5,50,15.6,132,6177,0,25,0,0
5.5,48,1.1,50,19.3,149,8637,0,21,0,0
12.3,73,6.3,100,20.3,197,9564,0,28,3,1
6.3,54,4.8,100,19.1,185,8696,0,28,10,1
9.6,60,9,50,15.6,226,13316,0,34,26,2
7.1,75,0.4,50,20,129,7182,0,21,0,0
6,84,6.4,50,18.7,152,11987,1,27,4,1
11.7,59,0.5,50,20.1,243,10236,0,34,14,2
13.8,57,7.6,50,15.7,137,7157,0,22,0,0
3.9,5,3.3,50,19,103,5884,0,23,0,0
27.1,33,4.7,50,24.2,591.887749323676,9415,0,25,0,0
4,87,8.8,50,17.5,112,9182,1,25,0,0
5.5,29,1.1,50,20.7,127,6957,1,22,0,0
6.7,68,9.1,50,15.8,145,6938,0,25,0,0
13.4,52,4.2,100,19.7,156,11953,0,30,3,1
26.4,52,5.3,50,21.9,585.793996143501,5778,0,22,0,0
12.6,63,0.1,50,19.9,140,9958,0,24,0,0
4.4,24,4.5,50,19.3,147,5473,0,24,0,0
33.2,11,9.3,50,19.7,685.568453321239,7964,0,25,0,0
38.7,24,4.1,50,19,578.735236777804,7792,1,25,0,0
4.3,41,2.5,50,20.8,142,6521,0,25,0,0
10,53,5.5,50,17.5,118,7692,1,22,0,0
10.7,8,5.1,50,18.3,131,7781,0,23,0,0
11,13,0.3,50,20.3,127,8904,0,23,0,0
4.9,18,7.7,50,16,148,5849,0,22,0,0
27.2,41,4.1,50,18.8,636.746138702108,9697,0,21,0,0
32.2,38,5.6,50,18,669.021459801082,7447,1,21,0,0
9.6,41,4.1,50,19.3,145,9992,0,21,0,0
13.6,79,4.5,100,20.2,176,9379,1,28,10,1
9.2,47,6.8,50,16.5,101,7800,0,25,0,0
4.2,80,2.5,100,20.7,174,11382,0,27,13,1
0.9,8,2.9,50,20.7,119,9444,0,22,0,0
7.8,71,1.8,50,19.3,115,8972,0,21,0,0
4,86,2.9,50,18,148,8560,1,23,0,0
3.3,88,8,50,15.9,140,5611,0,22,0,0
9.8,66,3.7,50,18.7,248,13771,1,35,6,2
6,87,7.9,50,15.7,146,9140,0,25,0,0
12.2,49,3.2,100,19.5,187,8065,0,27,4,1
33.9,29,8.2,50,22.6,538.143450600949,7409,0,25,0,0
30.3,82,4.2,100,17.8,552.463170033107,13028,0,39,31,3
6.5,77,0.8,100,20.7,163,8265,1,29,13,1
8.6,82,8.1,50,16.4,140,5637,0,22,0,0
5.5,59,1.7,100,19.5,163,9442,1,26,3,1
7.7,54,2.4,50,20.7,102,7344,0,21,0,0
10.2,89,8.3,50,16.6,157,9561,0,26,6,1
8.1,48,1.5,50,20.8,150,5482,0,25,0,0
8.8,59,3,50,19.9,187,10349,1,27,9,1
8.2,74,8.8,50,15.8,176,8730,1,30,7,1
3,23,9.2,50,16.1,135,8822,1,22,0,0
37.8,11,9.6,50,17.3,669.747265550794,8093,1,23,0,0
5.6,52,8.9,50,16.9,141,8683,1,23,0,0
4.4,50,1.8,50,21,142,7958,0,25,0,0
31.4,61,7.6,50,20.3,679.738610760432,6395,0,22,0,0
13.4,68,9.7,50,16.4,136,5399,0,24,0,0
16.4,3,7.7,50,19.6,147,8812,0,22,0,0
11.7,17,6,50,17.1,111,5567,1,22,0,0
1.3,25,1.2,50,20.8,130,5947,0,25,0,0
7.3,68,0.7,50,20,125,8953,1,22,0,0
13.8,82,2.5,50,20.6,111,9722,0,25,0,0
6.7,19,5.9,50,19.5,101,5322,0,23,0,0
8.4,69,2.9,50,19.4,107,5130,0,24,0,0
6,17,9.1,50,16.9,120,8364,0,22,0,0
7.7,89,7.7,50,17.9,124,8778,1,25,0,0
8.1,16,3.5,50,17.8,132,7965,0,22,0,0
16.4,19,1.9,50,19.8,115,5100,0,25,0,0
10,65,5.6,50,19.7,145,8497,1,22,0,0
39.8,56,5.4,50,15.3,632.499374636856,11935,0,37,15,3
8.8,74,3.6,100,19.8,185,7570,1,27,0,1
9.6,77,3.1,50,19.1,185,9840,0,29,8,1
9.7,60,2.9,50,19.1,132,9365,0,21,0,0
9.5,78,0.2,50,20.7,136,5348,0,23,0,0
29.7,70,0.3,50,23.8,569.433367934859,9382,0,23,0,0
27.3,64,-3.5,100,22.6,644.799076828948,11101,0,33,24,2
39.4,42,8.9,50,17.8,674.673887929884,8214,0,25,0,0
7,10,0.8,50,20,125,8508,1,23,0,0
8.6,0,0,50,20.9,136,6025,1,25,0,0
8.1,15,8.1,50,18.7,122,8794,0,21,0,0
2,77,4.8,50,19.7,146,6490,1,21,0,0
9.4,83,7.3,50,19,154,11492,0,28,6,1
4.5,18,1.9,50,19.9,129,9467,1,24,0,0
32.5,78,7.8,50,22,531.080225747803,6087,0,24,0,0
8.6,7,1.8,50,19.8,108,5927,0,22,0,0
7.3,70,7.2,50,16.1,144,5400,0,21,0,0
10.4,37,3.7,50,19.5,107,5662,0,22,0,0
9.3,41,3.2,50,17.9,148,9935,0,21,0,0
7.7,65,-8.2,50,20.9,222,13917,0,35,25,2
9.8,77,0.8,50,20.5,139,9811,1,25,0,0
13.6,82,8.4,100,20.7,152,11679,0,27,2,1
36.6,58,3.7,50,15.5,507.630721187075,5438,1,23,0,0
7.2,5,7.9,50,16.4,103,8064,1,23,0,0
5.4,55,6.3,50,18,149,5987,1,23,0,0
12.4,77,-14,100,19.7,250,13487,0,35,28,2
7.5,59,3.4,50,19.8,108,9156,0,23,0,0
12.7,85,1.7,50,20.5,169,8858,0,26,11,1
37.9,22,0.4,50,18.9,604.814489301341,9530,0,22,0,0
12.8,88,2.6,50,18.2,129,5069,0,21,0,0
6,29,8.7,50,15.9,104,8579,0,24,0,0
10.3,82,0.5,50,20.8,124,9427,0,25,0,0
8.8,55,3.9,50,20.4,174,11782,0,29,14,1
8.2,31,4,50,20.5,123,7619,1,21,0,0
8.7,21,8.7,50,16.2,130,5918,0,23,0,0
35.8,59,3.1,50,15.6,593.657713534574,6286,0,23,0,0
10.9,41,1.5,50,20.7,139,7058,0,25,0,0
7,89,5.2,50,18.1,125,5213,0,23,0,0
5.8,72,0.9,100,21,191,9779,0,30,14,1
10.5,14,2.5,50,20.4,139,9265,1,24,0,0
14.9,76,2.4,100,19.7,213,10906,1,33,27,2
11.6,42,5.2,50,19,133,5600,1,24,0,0
11.7,57,-4.8,100,19.7,277,14843,1,39,35,3
9.4,74,5.5,50,19.1,119,8488,0,25,0,0
14,83,7.9,50,17.2,157,9693,0,28,10,1
9.8,9,7.9,50,15.9,110,8826,0,25,0,0
4.2,71,1.7,50,20.3,148,6858,1,21,0,0
6.7,11,3.8,50,20,150,5061,0,23,0,0
10.2,57,0.6,50,20.6,178,8537,0,26,14,1
9.1,73,1,50,20.9,196,11263,0,28,14,1
1.4,14,6.8,50,16,104,9441,1,22,0,0
7.6,10,4.3,50,19.8,106,9958,0,21,0,0
9.3,47,6.1,50,17,129,9421,0,23,0,0
13,18,0.7,50,19,124,7572,1,24,0,0
16.9,86,9.6,100,20.9,173,10875,1,28,1,1
6.6,57,6.7,50,19.2,115,5934,0,24,0,0
4.3,6,5.6,50,18.7,134,9854,0,23,0,0
6.9,40,3.6,50,19.2,117,5007,0,22,0,0
11.1,57,8,50,17.7,141,7139,1,23,0,0
5.6,20,3.6,50,19.8,140,8934,0,25,0,0
10.7,68,2,50,20.2,126,8418,0,25,0,0
9.6,66,0.4,50,20.5,107,7100,0,23,0,0
11.9,46,9.3,100,20.8,191,8002,0,28,6,1
31.3,86,9.2,50,16.4,532.103083056138,8954,0,21,0,0
5.6,18,7.2,50,18,126,5164,0,22,0,0
8.6,50,7.8,50,18.1,176,10694,1,30,8,1
11.2,41,1.3,50,20.5,126,7807,0,21,0,0
6.9,69,4.9,50,16.8,118,5688,1,21,0,0
8.2,13,7.8,50,17.7,136,9446,1,24,0,0
17.7,49,-5.4,100,19.4,217,11057,1,35,15,2
1.3,50,5.4,50,19.6,138,6296,0,25,0,0
35.2,69,6.7,50,17.5,599.934048745811,6188,0,24,0,0
9.2,51,0.8,50,19.3,113,7828,0,22,0,0
38.2,78,8.5,50,18,630.878672966115,8442,0,25,0,0
8.2,33,6.5,50,16.9,146,8046,1,22,0,0
10.6,45,1.6,100,20.7,180,7717,0,27,7,1
6.2,81,4.7,50,17.4,134,6182,0,21,0,0
5,76,0.3,100,20.9,198,11666,0,29,0,1
7.6,60,0.8,50,20.6,174,8919,0,27,2,1
32,31,2.3,50,15.6,537.281082813622,7965,0,22,0,0
10.3,84,8.8,50,15.7,180,7736,1,29,14,1
10.5,61,8.9,50,16.4,129,5179,0,24,0,0
7.6,78,3.4,50,19.5,146,5145,1,21,0,0
11.6,64,9.8,50,15.4,135,9998,1,24,0,0
11.8,86,2.1,50,20.1,113,8003,0,22,0,0
9.8,58,1.6,50,19.2,180,10931,0,26,11,1
9.1,29,2.9,50,19.2,106,5880,1,23,0,0
8.5,19,5.5,50,18,115,6215,0,22,0,0
9.8,74,5.2,50,17.5,175,9007,1,29,2,1
8.6,78,0.6,50,20.9,144,5489,0,23,0,0
14,45,0.5,50,19.9,192,11464,0,29,14,1
7,34,5.8,50,15.6,150,7718,0,25,0,0
3.8,72,2.7,50,19.4,110,8790,1,25,0,0
34.1,60,8.3,50,18.6,650.462194134691,6490,0,24,0,0
6.4,44,4.1,50,19.4,149,9681,1,25,0,0
10,81,7.2,50,17.8,142,8489,1,22,0,0
39.9,63,9.7,50,22,532.456164862805,12270,0,34,28,2
4.8,15,8.4,50,16.9,138,7931,1,24,0,0
29,58,1.7,50,19.7,515.320723262742,9687,0,24,0,0
9.1,35,2.7,50,19,142,6976,0,22,0,0
37.6,83,3.8,50,15.1,672.33143109941,6992,0,25,0,0
7.9,0,4,50,20.4,134,7438,0,24,0,0
8.9,85,-6.9,50,20.8,248,12278,0,32,14,2
10,26,8.1,50,16.4,119,9012,0,24,0,0
6.5,87,2.5,100,19.6,166,8551,1,28,13,1
10,13,4,50,19.4,117,8433,0,24,0,0
3.1,78,2.9,50,19.1,130,8624,0,21,0,0
5.7,84,1.6,100,19.7,173,8704,0,27,7,1
5.8,89,5,50,19.5,144,5110,1,23,0,0
5.1,75,6.4,50,17.8,138,9183,0,24,0,0
2,66,5.5,50,18.3,131,6058,1,24,0,0
37.8,60,6.9,50,24.6,637.681867291142,9038,0,30,6,1
9,88,6.6,100,20.8,169,9394,0,27,12,1
7.6,7,0.6,50,20.1,131,5033,1,22,0,0
10.2,64,5.3,50,16.3,133,9557,0,22,0,0
8.3,54,4.2,50,17.3,138,8731,1,24,0,0
10,59,1,50,20.1,191,11594,1,30,14,1
10.1,19,2.7,50,20.8,117,5771,0,25,0,0
2.1,52,4.6,50,19.2,138,9712,0,22,0,0
9.1,63,-12.2,50,19.3,231,12542,1,31,9,2
10.9,18,3.4,50,20.4,141,6323,0,24,0,0
12.7,78,-8.2,50,19.9,216,11732,1,35,13,2
11.3,66,4.6,50,20.4,144,9419,0,23,0,0
6.5,2,5.7,50,19,138,7303,0,25,0,0
11.1,74,2,50,19.8,112,8871,0,24,0,0
34.2,34,3,50,21.9,539.553525523504,8475,1,23,0,0
11.3,82,8.1,50,17.8,146,6604,1,21,0,0
13,87,1.2,50,20,159,10412,0,26,4,1
9.6,56,5,50,17.7,121,5143,0,23,0,0
9,7,9.4,50,18,101,9412,0,24,0,0
5.4,69,0.7,50,20.6,124,8616,0,22,0,0
11.1,68,-5.9,50,20.3,217,11141,0,34,28,2
9.8,58,0.6,50,20.7,123,9130,0,22,0,0
6,10,0.2,50,20.2,128,5321,0,21,0,0
35.2,62,-12.6,50,17.5,578.396222581392,12239,1,34,1,2
11.3,65,2.5,50,19.3,198,10994,0,26,12,1
5.9,80,1.3,50,19.3,114,7844,0,23,0,0
14.2,55,-12.2,50,19.1,236,10865,1,34,28,2
4.7,78,7.9,50,15.8,114,6489,0,22,0,0
7.6,11,8,50,17.9,125,9708,1,23,0,0
4.6,53,7.2,50,16.1,123,5885,1,21,0,0
10.8,41,0.2,50,20.6,150,7941,0,23,0,0
10.8,60,3.3,50,19.1,177,9297,1,26,0,1
1.9,45,3.1,50,19.1,111,8439,0,23,0,0
11,53,2.8,50,19.5,145,5206,0,22,0,0
6.6,11,9.3,50,16.3,113,9666,1,24,0,0
5.7,52,8.2,50,16.9,147,6191,0,21,0,0
4.4,33,0.4,50,19.5,102,7032,0,22,0,0
7.6,24,5.9,50,18.8,128,6188,1,23,0,0
6.9,29,1.5,50,20.1,125,7689,0,23,0,0
9.6,32,5.4,50,18.7,136,9420,0,25,0,0
14.4,83,-10.6,50,21,294,15463,1,38,15,3
10.6,48,6.1,50,20.5,129,9689,0,23,0,0
0.5,42,0.3,50,19.7,124,5306,0,22,0,0
12.2,18,5.4,50,19.6,150,9842,0,24,0,0
8.1,63,7.5,50,18.4,123,6051,1,23,0,0
10.1,53,3.9,50,19.3,102,9316,0,24,0,0
13.1,68,5.3,50,18.2,143,8810,0,25,0,0
2.9,11,2.8,50,20.1,104,6017,0,21,0,0
16.2,85,1.8,50,20.7,189,7350,0,27,4,1
10.2,52,8.7,50,20.2,115,7977,1,22,0,0
27.4,66,6.3,100,19,545.985032709112,9087,1,32,14,2
6.1,90,8.3,50,18.9,118,6486,0,25,0,0
9.8,69,8.9,50,17,173,10732,1,30,1,1
7.7,58,9.4,50,16.7,110,9471,1,23,0,0
6.4,80,9.8,50,16.1,115,7923,0,22,0,0
8.1,54,6.1,50,17.2,142,7382,1,23,0,0
10.1,85,10,50,16.3,123,7820,0,25,0,0
8.3,76,-7.2,100,21,233,11798,0,35,19,2
10.5,5,6.3,50,20.4,139,6132,1,25,0,0
10,30,9.7,50,17,122,6631,1,21,0,0
35.8,32,3.2,50,17.8,642.89923055687,5719,1,21,0,0
8.3,9,9.3,50,17.7,126,8022,0,22,0,0
35.8,62,0.5,50,19.4,657.359341812915,6180,0,25,0,0
13.2,54,1.9,50,20.9,130,8410,0,22,0,0
11.1,15,2.1,50,19,132,6459,1,25,0,0
18,3,0.2,50,20.8,141,9225,0,22,0,0
11,64,6.3,50,17.8,182,9956,0,26,6,1
14.3,3,2.4,50,20.8,122,8646,0,23,0,0
20.1,86,-9.1,50,20.9,286,15688,0,39,34,3
15.4,60,-6.3,100,20,201,12659,1,34,10,2
5.3,51,1.2,50,20.2,101,9796,0,25,0,0
11.9,32,2.6,50,19,101,6952,1,22,0,0
10.1,37,4.2,50,19.4,108,7409,0,25,0,0
11.8,85,-9.9,50,19.3,218,9088,0,32,19,2
8,41,9.7,50,18.1,130,8979,0,23,0,0
6,45,9,50,17.1,136,8894,0,23,0,0
6.2,60,2.6,50,20.2,127,8417,0,23,0,0
10.7,73,2.6,50,19.5,135,8521,1,22,0,0
39.8,8,9.4,50,21.7,650.689942048421,7044,1,21,0,0
6.9,61,0.4,50,20.5,135,6123,0,23,0,0
6.6,51,2.8,50,19.7,109,5412,0,23,0,0
4.6,39,3.8,50,19.8,126,9935,0,21,0,0
5,64,-6.5,50,19.5,245,10511,1,34,13,2
9.4,31,2.1,50,20,123,8127,0,25,0,0
9.5,10,1.8,50,19.2,128,7773,1,23,0,0
10.6,74,3.2,50,18.9,184,10169,0,29,12,1
9.6,49,6.5,50,19.3,103,7456,0,21,0,0
13.8,30,6.4,50,19.9,132,5002,1,24,0,0
8.6,55,10,50,15.7,110,9480,1,21,0,0
3.5,45,7,50,17.3,141,6872,1,21,0,0
5.9,73,6.5,50,18.4,103,5902,1,24,0,0
33.6,87,2.2,50,18.4,536.388280349687,6006,0,22,0,0
6.1,4,9.5,50,17.4,122,9517,0,23,0,0
12.4,51,0.2,50,20.2,270,13574,1,36,16,3
6.5,76,4.9,50,19,148,6793,0,22,0,0
12.7,79,5.1,50,17.7,111,5124,1,21,0,0
4.4,57,9,50,15.9,130,6554,1,24,0,0
8.1,46,4,100,20.2,155,11425,0,27,4,1
7.6,65,3.2,50,18.5,140,8320,1,23,0,0
5.9,51,5.8,100,19.7,197,11869,1,28,11,1
15.5,88,8.2,50,16.8,215,11207,0,32,19,2
12.6,2,0.5,50,20.8,129,5263,0,24,0,0
8,75,5.4,50,18.8,140,9546,0,23,0,0
38.8,82,0.3,50,16.8,605.668938687311,12170,0,35,16,2
11.8,19,5.3,50,19.8,129,9280,1,24,0,0
8.6,82,4.2,50,18.9,122,5368,0,23,0,0
14.6,88,5.8,50,19,186,8680,0,26,3,1
8.6,63,8.3,50,18.6,149,7196,1,24,0,0
12.6,33,5.8,50,17.4,104,7610,1,22,0,0
10.3,48,5.9,50,18.4,178,9958,0,28,13,1
8.7,61,0.4,50,20.6,143,9124,1,24,0,0
6.6,34,9,50,17.9,148,8532,1,24,0,0
9.7,59,2.7,50,20.1,182,11066,0,27,10,1
1.7,77,5.2,50,18.6,122,6137,0,23,0,0
14.6,64,9.3,100,20.4,262,14057,0,36,37,3
38.5,61,9.4,100,15.4,690.553179430667,9246,0,29,14,1
10.1,85,2,50,19.3,123,6658,1,25,0,0
12.8,64,9.2,50,15.2,154,10978,1,27,2,1
7.3,22,2.6,50,19.2,137,5179,0,23,0,0
12.2,7,3.5,50,17.4,133,9862,1,23,0,0
11.8,55,7.7,50,17.7,142,8428,0,22,0,0
13.2,77,8.4,50,17.4,213,13518,0,34,24,2
11.2,26,0.1,50,19.2,145,9836,0,23,0,0
6.2,48,6.6,50,17.5,141,8393,1,23,0,0
8.1,87,7.2,100,19.2,181,7580,0,30,5,1
9.7,25,3,50,18.7,140,6586,1,25,0,0
11.6,60,6.2,50,19,206,9706,1,33,15,2
10.8,48,5.7,100,19.1,177,7686,0,26,3,1
3.9,42,9.3,50,16.1,112,8369,1,21,0,0
10.8,68,8.5,50,16.7,131,6608,0,22,0,0
35.2,66,1.1,50,24.6,560.115421610804,12902,1,32,16,2
12.2,84,7.5,50,16.2,102,9158,1,24,0,0
8.4,83,7.3,50,17,132,7135,1,24,0,0
8.3,20,5.3,50,20,125,7870,0,22,0,0
7.3,56,2.4,50,20.9,129,8495,1,24,0,0
10.3,77,6.7,50,17.9,119,5737,0,23,0,0
7.3,75,6.2,50,18.9,128,8171,0,25,0,0
11.4,75,2.7,50,18.5,101,5941,0,24,0,0
10.7,88,6.4,50,17.5,111,7046,1,21,0,0
6.9,41,1.5,50,19.8,127,5490,1,23,0,0
1,47,5.1,50,20,142,8754,0,24,0,0
4.7,84,6.1,50,17.4,177,11617,0,30,2,1
12.7,49,-0.4,100,20.6,239,12854,1,32,12,2
5,48,3.1,50,19.4,131,5049,1,25,0,0
7.6,30,5.7,50,18.1,149,9050,1,24,0,0
12.9,16,2.9,50,18.5,122,7463,1,23,0,0
8.2,67,1.2,50,20.2,119,6959,1,22,0,0
12.5,49,4.5,50,18.7,145,7806,1,25,0,0
7.5,49,0.6,50,20.2,103,5847,1,21,0,0
32.6,46,5.1,50,23,609.984214103933,9489,0,22,0,0
5.8,71,2.7,50,19.5,109,9526,0,25,0,0
4.1,78,6.9,100,19.2,173,10296,0,29,10,1
11.8,75,1.6,50,19.5,164,8140,1,29,8,1
8.7,81,9.7,100,20.6,161,8623,0,29,4,1
7.9,87,2.4,50,20,112,7505,0,24,0,0
6.3,68,8.7,50,18.1,121,9910,0,24,0,0
14,48,4.1,100,19.7,215,11449,0,33,7,2
5.6,6,9.2,50,16.5,127,8142,1,21,0,0
3.6,13,0.3,50,20,147,9980,0,21,0,0
9.3,39,9.3,50,17.3,145,5735,0,21,0,0
7.6,89,1.6,50,19.1,116,7638,1,22,0,0
5.8,56,0.7,50,19.7,122,5096,1,22,0,0
6.7,31,0.2,50,19.3,135,5728,0,25,0,0
6.5,41,5.3,50,20,147,5040,1,21,0,0
9.3,43,9.3,50,15.6,147,5384,1,24,0,0
9.6,12,4,50,19.7,134,9707,1,23,0,0
8.2,37,8.4,50,16.9,137,9520,1,23,0,0
13,84,9,50,19.5,148,6807,0,24,0,0
10,72,4.9,50,18.7,121,5540,0,24,0,0
3.5,62,9.6,50,17.5,128,5443,1,24,0,0
12.5,84,9.9,50,15.8,123,8939,0,21,0,0
6.4,9,7.3,50,17,133,7796,0,24,0,0
30.9,71,7.1,50,15.7,595.029436031376,8883,0,24,0,0
7.5,40,0.5,50,20.9,119,8576,0,23,0,0
7.1,72,9.5,100,20.5,174,10225,0,29,13,1
7.6,58,4.6,50,18.3,109,7443,1,22,0,0
10.1,77,0.8,50,19.4,150,6512,0,23,0,0
6.2,83,0.8,50,20,123,9867,1,24,0,0
8.3,51,0.2,50,20.3,106,7852,0,24,0,0
7.9,70,7.1,50,17.9,149,5784,1,24,0,0
13.7,32,0.6,50,19.3,140,8209,1,24,0,0
13.1,89,3.4,50,19.6,256,11703,1,40,24,3
9.7,60,-8.9,100,19.3,216,9934,1,34,28,2
8.1,55,4.8,50,17.5,124,8291,0,24,0,0
7,2,6.7,50,17.7,103,9934,0,21,0,0
10.4,64,1.2,50,19.7,181,7599,0,29,12,1
6.1,59,0.2,100,20.9,191,10542,1,27,3,1
9.8,1,3.5,50,17.6,129,7146,0,22,0,0
6.3,25,9,50,15.7,137,9549,0,23,0,0
11.1,85,2.7,50,20.8,123,6042,1,22,0,0
0.5,24,6.1,50,18.6,132,9244,0,25,0,0
5,77,2.2,50,19.9,183,8170,0,26,7,1
3.6,39,7.9,50,18.2,101,9833,0,25,0,0
7.8,83,7.5,100,19.8,174,7451,1,28,11,1
12.2,15,2.9,50,19.1,104,5409,0,23,0,0
12.1,57,7.3,100,20,164,9456,0,27,12,1
6.1,48,3.2,50,19.3,139,6772,1,25,0,0
8.7,85,-2.1,50,19.8,220,13517,0,33,28,2
8.2,42,1.7,50,19.5,147,5532,0,22,0,0
12.5,88,-1,100,20.5,290,11833,0,37,38,3
8.8,11,8.4,50,17.8,124,9823,1,24,0,0
6.7,27,4.1,50,20.2,114,8805,0,21,0,0
9.5,88,-13.1,100,20.7,201,11170,0,33,24,2
7.6,13,0.5,50,19.9,137,7696,0,23,0,0
7.7,13,7.2,50,17.7,124,7269,1,24,0,0
2.4,49,7.3,50,18.1,137,8461,1,24,0,0
14.4,57,-6.4,100,19.4,209,12319,1,35,22,2
8.5,80,3.3,50,19.9,114,8577,1,24,0,0
14.2,77,5.1,100,20.5,163,11048,1,28,11,1
8.3,80,4.5,50,19.3,134,9247,0,21,0,0
9.9,64,1.3,50,20.7,122,7068,0,21,0,0
8.6,68,2,50,19.1,146,9154,1,25,0,0
9.6,34,0.6,50,19.8,124,8409,1,25,0,0
26.1,50,9.7,100,20.8,527.557104135019,9736,0,26,14,1
1.1,34,6.2,50,17.5,121,5798,0,21,0,0
4.6,64,9.2,100,19.4,194,11864,1,29,5,1
13.7,42,7.2,50,18.1,121,7524,0,24,0,0
9.9,31,3.1,50,19.9,103,6869,1,22,0,0
14.4,39,1.7,50,20.5,136,5066,0,24,0,0
10.7,62,4.4,50,18.7,111,6465,1,25,0,0
36.3,25,3.8,50,16.6,682.784439813261,5538,0,22,0,0
7.1,61,2.3,50,20.8,129,8844,1,24,0,0
12.8,74,0.4,50,19.1,137,7752,1,22,0,0
12.6,60,0.3,50,19.3,236,10841,1,35,26,2
13.6,80,4.6,50,17.6,230,12706,0,31,22,2
5.1,28,5.9,50,15.8,105,6453,1,21,0,0
8.3,48,1.8,50,19.8,255,11724,0,39,14,3
5.7,85,5.5,50,19.2,126,5449,1,21,0,0
9,61,1.5,50,20,136,9763,0,21,0,0
1.9,88,8.3,50,17.6,123,6860,0,25,0,0
4.2,67,6.4,50,17.3,144,7099,1,23,0,0
6.6,78,4.7,50,19.5,140,5279,1,24,0,0
9.6,21,2.6,50,19.7,109,5522,1,24,0,0
5.4,87,7.7,50,17.2,128,8065,0,25,0,0
9.4,70,9.6,50,15.2,145,8862,1,21,0,0
7.3,50,0.1,100,19.7,156,8615,0,30,5,1
9.1,64,6.4,50,16.7,150,9155,0,24,0,0
12.7,48,3.8,50,19.3,101,8682,1,21,0,0
38.2,72,-5.6,50,23.4,569.178015116405,12990,0,35,18,2
14.3,67,9.2,100,20.9,244,13548,0,35,21,2
36.5,72,6.9,50,22.4,501.946192031105,8871,0,26,14,1
7.3,55,4.5,50,18.7,108,9883,0,24,0,0
3.4,40,1.6,50,19.9,104,9356,0,22,0,0
2.8,73,6.2,50,18,141,7842,0,22,0,0
7.6,39,9.1,50,17.4,114,8039,0,22,0,0
8.1,42,1.8,50,20,123,9412,0,23,0,0
14.1,50,1.3,50,20.1,169,10667,0,29,12,1
3.3,37,5.5,50,19.4,146,9110,0,24,0,0
2,30,4.6,50,17.6,146,6145,0,23,0,0
7.6,30,7.1,50,16.2,145,6465,1,24,0,0
8.7,76,4.6,50,19.6,153,11410,1,28,7,1
5.5,53,6.8,50,19.5,133,5585,0,21,0,0
9.9,46,1.5,50,19.1,137,5802,1,24,0,0
5.3,63,1.1,50,19.3,110,8596,1,24,0,0
6.1,72,7.4,50,16,101,8496,0,22,0,0
6.6,57,8.3,50,19,127,9615,0,24,0,0
9.6,86,3.8,50,19.2,182,9196,0,30,11,1
12.1,66,9.2,50,17.8,136,6474,0,24,0,0
8.9,73,4.9,50,19.7,125,6232,0,21,0,0
13.3,70,7.9,50,17.4,138,7994,1,21,0,0
4,49,6.1,50,19.4,149,6742,1,23,0,0
14.1,86,6.8,50,17.4,137,8091,0,21,0,0
7.4,32,5.5,50,18.6,126,7322,0,25,0,0
7,77,3.3,50,19.5,120,6717,1,25,0,0
16.4,82,-13.1,100,21,201,10257,1,35,24,2
1.4,26,0.3,50,20,126,9238,1,24,0,0
7.4,25,9.2,50,15.7,117,8315,1,21,0,0
5.1,68,0.5,50,20.2,107,8860,0,22,0,0
2.2,22,4.3,50,20.2,140,8130,0,24,0,0
11.7,52,3.1,50,18.5,139,9023,1,23,0,0
10.9,59,1.4,50,19.2,122,7975,1,24,0,0
11.3,85,8.7,100,21,192,9137,0,27,12,1
5.1,74,6.2,50,16.6,104,7463,0,22,0,0
16.7,25,4.4,50,20.8,131,8528,1,25,0,0
7.6,85,5.4,100,20.8,170,11740,0,30,14,1
8.5,79,7.8,50,18.3,149,5287,0,23,0,0
31.6,28,4.3,50,15.2,569.361479863581,5749,1,21,0,0
10.6,8,8.9,50,15.5,150,6488,0,21,0,0
12,65,3.5,50,19.6,105,6531,0,23,0,0
9.5,52,1.1,50,20.6,125,9610,0,21,0,0
35.2,22,4.7,50,15.5,550.100319376941,6773,1,23,0,0
6.7,67,4.9,50,19.9,121,9610,0,24,0,0
13.9,3,4.5,50,18.5,121,9711,0,25,0,0
8.3,88,1.3,50,20.7,113,9509,0,25,0,0
5.7,74,1.9,50,19.4,152,8060,0,28,8,1
9.3,32,8.8,50,17.1,114,5004,1,25,0,0
13.1,84,-11.5,50,19.1,220,9076,1,33,25,2
5.5,35,8,50,16.2,104,5398,1,23,0,0
2.7,68,7.2,50,16.1,101,6441,0,22,0,0
16.2,71,9.3,50,16.6,161,10092,0,26,14,1
6.2,29,4,50,19.8,147,5128,1,22,0,0
1,18,4.1,50,20.4,108,5022,1,25,0,0
5,10,9.2,50,17.2,145,7240,0,21,0,0
7.3,52,4.5,50,19.8,172,10223,1,26,1,1
13.9,19,8.3,50,18,106,9477,1,24,0,0
7.9,71,2.6,100,19.7,156,10281,1,26,9,1
4.1,32,0.3,50,19.9,126,6919,0,22,0,0
5,50,8.4,50,14.8,113,9899,1,23,0,0
6.8,21,6.4,50,19.6,116,8090,0,21,0,0
10.6,62,5.6,50,18.1,115,9451,0,25,0,0
7.1,89,2.7,50,19.2,157,8167,1,28,8,1
9.7,1,3.8,50,19.7,137,9510,0,23,0,0
6.2,77,5.4,100,20.1,196,11994,1,29,12,1
30.1,77,9.9,100,23.7,508.693679864743,11897,0,27,8,1
7.1,69,9.5,50,16,148,5178,1,24,0,0
14.8,61,0.7,50,20,250,12766,1,32,5,2
4.8,66,3.6,50,19.7,129,8633,0,23,0,0
9,1,5.4,50,19.5,104,9767,1,25,0,0
5.2,32,8.6,50,16.2,107,7016,1,21,0,0
5.4,68,6.6,50,18.8,150,5220,0,22,0,0
4.8,37,4.2,50,20.4,132,8567,1,24,0,0
12.9,90,8,50,19.5,108,7489,0,22,0,0
11.3,66,5.5,50,16.6,145,7978,1,23,0,0
8.9,89,9.8,50,15.3,149,6978,0,22,0,0
4.1,26,0.9,50,20.2,146,8442,1,23,0,0
26.2,58,8,50,19,664.317672297163,5999,0,24,0,0
10.3,67,9,50,15.9,103,9261,1,24,0,0
2.5,70,3.1,50,20.2,117,8611,1,23,0,0
11,53,0.1,50,19.9,144,9414,0,23,0,0
12.3,11,6.1,50,18.4,140,8846,0,22,0,0
9.7,70,2.7,50,19.5,126,6711,0,21,0,0
31.6,25,9,50,18.7,633.959745554923,7694,1,21,0,0
17.6,7,3.3,50,20,139,7217,0,24,0,0
4.3,20,2.4,50,19.9,127,5961,0,22,0,0
9,22,0.8,50,20.7,105,6682,1,24,0,0
29.4,36,4,50,23.7,567.888441147477,5693,0,22,0,0
4,58,10,50,16.4,149,5894,0,22,0,0
6.1,36,2.4,50,19.8,121,8283,0,23,0,0
11.9,88,7.2,50,16.2,150,7949,1,24,0,0
9.4,81,6.9,50,17.7,137,8707,1,22,0,0
7.1,31,8.7,50,16.9,125,8757,0,22,0,0
10.5,90,-10.1,100,19.9,245,12776,0,31,26,2
8.3,63,0.7,50,20.8,118,5594,0,21,0,0
10.2,7,5.9,50,19.1,143,7275,1,21,0,0
4.3,65,4.9,50,19.6,105,8677,1,25,0,0
4.6,52,0.7,50,19.1,200,9155,1,29,3,1
11.7,90,3.6,100,19.7,185,9992,0,26,0,1
4.9,55,2.9,50,19.6,139,7625,0,25,0,0
10.3,62,6.5,50,14.4,146,7539,0,23,0,0
5.8,22,8.9,50,16,135,9758,0,25,0,0
30.7,62,2.4,50,21,625.840031489932,9316,1,23,0,0
8,11,1.7,50,20.4,134,8322,0,22,0,0
5.2,86,8.4,50,18,147,5481,0,23,0,0
0.8,5,0.4,50,20.4,111,8233,1,22,0,0
31,56,9.8,50,16.1,504.858540679956,5382,0,22,0,0
12.4,87,2.1,100,19.1,175,9184,0,29,2,1
12,67,4.7,50,18.8,170,9499,0,29,11,1
33.7,69,4.5,100,24.8,583.521049460479,10546,1,29,14,1
7.8,68,6.5,50,18.5,199,11485,0,27,6,1
8.8,33,8.8,50,14.3,150,8551,0,22,0,0
4.3,56,2.8,50,19.2,129,7133,0,25,0,0
8,5,6.1,50,18.9,111,9312,0,25,0,0
9.6,80,0.7,50,20.1,225,9981,1,35,9,2
11.7,84,3.6,50,19.5,147,7553,0,24,0,0
9.5,75,2.7,50,20.8,116,5803,0,22,0,0
32.9,70,8.6,50,17.7,659.207430972712,5355,0,22,0,0
3,76,9.5,50,16.8,147,6046,1,24,0,0
39.2,73,7,50,22.7,646.170354637093,8304,0,26,5,1
2.7,54,5.3,50,18.6,129,9255,0,21,0,0
9.4,24,6.3,50,17.5,111,5533,0,21,0,0
9,79,7.8,50,16.2,136,6815,0,25,0,0
10.7,30,3.5,50,20.9,104,7967,1,22,0,0
15.9,55,3.4,100,20.2,236,13061,0,31,3,2
10.1,39,5.4,50,18.3,125,7318,0,25,0,0
16.4,80,6.9,50,17.1,227,9971,1,35,5,2
31.6,56,7,50,23.9,593.508052453374,9345,1,25,0,0
15.8,60,-6.5,100,19.2,290,12184,1,38,34,3
0.5,27,4.4,50,20.9,110,6734,1,23,0,0
10.7,20,4.1,50,19.2,116,6710,1,24,0,0
10.3,59,-6.8,100,20.6,220,9746,0,32,3,2
10.4,35,0.7,50,20.4,112,9474,0,22,0,0
8.1,84,-7.2,50,20.5,296,11218,1,38,19,3
3.8,13,9.1,50,15.9,129,8729,1,25,0,0
9.9,72,4.2,50,20,185,10997,0,26,6,1
10.2,46,2.4,50,19.7,127,6045,0,23,0,0
8.7,37,6.3,50,17.7,130,9737,0,25,0,0
9.5,11,8.8,50,17.5,123,9665,1,23,0,0
29.3,42,0.8,50,21.7,562.062026308698,9816,0,24,0,0
5.2,75,3.1,50,18.2,113,5891,1,22,0,0
14.8,74,0,100,20.3,225,13420,0,31,7,2
6,66,0.3,50,19.5,231,13729,1,34,11,2
10.2,41,8.5,50,15,103,5748,0,21,0,0
34.1,87,6.7,100,21.4,633.052584864492,8172,0,27,11,1
7.2,73,5.3,50,20.7,148,5301,0,23,0,0
16.2,75,-0,50,20.5,253,12204,0,40,16,3
11,88,2.4,50,20.1,141,8258,0,22,0,0
9.3,29,8.3,50,16.2,101,5591,1,25,0,0
15.4,80,6.1,50,19,162,11041,0,30,6,1
9,73,0.7,100,19.1,176,11197,1,28,14,1
10.5,61,4.6,50,18.4,192,9968,1,29,4,1
11.5,2,2.3,50,19.8,112,6096,1,25,0,0
15.6,82,-2,100,20.7,208,12544,0,35,2,2
9.8,3,6.1,50,17.1,111,7689,1,22,0,0
6.7,0,7.8,50,15.9,150,8041,0,22,0,0
33.3,69,6,50,24.7,696.248920136478,8828,0,25,0,0
4.5,40,0.6,50,19.7,120,5564,1,23,0,0
9.1,84,8.6,50,18.9,122,6262,1,22,0,0
12.3,85,5.1,50,18.7,106,7081,1,23,0,0
9.4,28,8.2,50,16.7,115,6806,1,22,0,0
3.5,31,0.2,50,20.2,102,7181,0,23,0,0
7.2,85,7.1,50,17.9,146,7883,1,23,0,0
8,56,2.1,50,20.1,145,6608,0,25,0,0
12.4,68,-13.9,50,20.2,246,11042,0,35,18,2
10,15,0.5,50,19.3,115,8353,0,24,0,0
9.7,78,9.7,50,17,132,8115,0,23,0,0
4.5,32,0.6,50,19.2,113,9457,0,21,0,0
1.8,39,8.1,50,17.4,111,6720,1,21,0,0
11.7,60,3.8,100,20.9,249,9423,0,33,22,2
3.7,54,2.9,50,19.4,104,7430,0,24,0,0
7.3,16,6.6,50,18.8,131,7050,0,25,0,0
14,12,7.7,50,16.2,149,9928,1,23,0,0
6,38,6.6,50,16.6,101,8748,1,21,0,0
12,71,0.3,50,20.5,129,7411,0,23,0,0
15.2,49,-11.7,50,19.7,278,14970,1,38,31,3
6.3,64,1.6,50,20.4,148,8048,1,24,0,0
5,30,2.2,50,20.7,118,6873,1,23,0,0
10.5,7,1.8,50,20.4,149,9854,1,22,0,0
8.7,1,1.5,50,19.2,119,7504,1,24,0,0
15.9,65,-3.2,50,20.9,231,12469,0,31,28,2
12.6,74,6.8,50,17.6,107,6957,1,22,0,0
7.9,47,1.2,50,20.3,154,8494,0,29,9,1
4.2,65,8.1,50,16.8,113,5841,1,23,0,0
15.9,85,4.6,100,19.3,154,9006,0,27,13,1
4.9,36,0.4,50,19.6,124,7719,0,23,0,0
8.4,30,9.5,50,18.3,135,6892,0,24,0,0
5.7,37,9.1,50,17.5,139,7243,0,25,0,0
38.1,8,7.4,50,22.5,546.396767413475,7338,1,22,0,0
12.5,68,9.5,100,19.5,173,8675,0,28,1,1
12.9,54,7.6,50,18.9,150,6559,0,23,0,0
8.8,79,-2.4,50,19.9,246,13214,0,32,3,2
7.6,21,9.3,50,17.4,107,5725,0,24,0,0
7.7,41,7.1,50,19.7,103,5846,1,24,0,0
10.9,85,-13.7,100,20.4,216,12605,1,35,11,2
8.2,81,0,50,19.9,109,9540,1,23,0,0
4.2,33,1.4,50,20.7,116,7340,0,25,0,0
8.8,27,9.7,50,16.1,150,9406,0,25,0,0
7,31,7.6,50,17,144,6484,1,25,0,0
8.7,20,2.6,50,19.4,149,9594,0,23,0,0
9.4,65,-4.3,100,20.3,205,13404,1,35,15,2
6.5,72,0.1,50,20.5,166,11700,0,27,9,1
12.7,46,9.2,50,17,171,11164,1,26,14,1
18.1,49,-9.4,100,20.6,258,13739,1,40,42,3
7.3,10,7.1,50,18.2,101,7482,1,24,0,0
10.2,63,2.4,50,20.3,145,7026,0,21,0,0
9.5,65,0.2,50,20.6,108,5377,1,25,0,0
13.9,57,9.8,50,15.3,215,13877,1,34,19,2
11.3,88,3.2,50,20.4,158,11730,0,30,5,1
8.5,45,9.7,50,14.4,146,6471,0,21,0,0
36.4,73,1.4,50,15.3,591.059969549469,9127,0,24,0,0
5.2,74,3.1,50,20,139,7406,1,21,0,0
4.9,3,1.6,50,20.4,142,5360,0,22,0,0
13.5,31,7.1,50,16.7,143,9092,0,23,0,0
14.8,19,0.1,50,20.2,126,6019,1,22,0,0
9.4,35,7.5,50,17,127,6090,0,23,0,0
8.8,77,3.2,50,19.6,114,6899,0,23,0,0
9.1,12,2.5,50,18.8,113,5098,0,24,0,0
12.4,27,9.2,50,15.2,150,9351,0,24,0,0
27,86,-14.8,100,21.6,604.32763931813,12190,1,31,13,2
9.6,69,7.8,50,17,204,9033,0,33,24,2
31.6,21,5.1,50,21.5,640.355154097511,6693,1,22,0,0
3.6,88,6.2,50,16.2,140,5399,0,23,0,0
9.2,88,2.7,50,20.4,135,8406,0,23,0,0
8.1,48,-13.1,100,20.2,232,10624,0,32,26,2
29.3,11,1.7,50,18.1,532.1810567927,8519,0,22,0,0
8.4,1,3,50,20.5,119,7366,0,25,0,0
31.1,7,0.2,50,20.8,641.200481913438,6067,0,24,0,0
13.2,55,1.1,50,20.4,146,9359,0,24,0,0
12.3,41,1.3,50,19.4,122,5473,1,24,0,0
4.7,27,4,50,18.5,101,6762,0,25,0,0
5.3,81,0.1,50,21,163,7462,0,27,8,1
8.6,87,8.8,50,16.6,155,10563,1,28,7,1
10.5,74,0.3,100,19.6,161,8382,1,29,13,1
9.7,35,1,50,19.7,116,6650,0,25,0,0
7.9,37,5,50,20.9,140,5506,1,21,0,0
12.2,85,9.7,100,19.3,238,10161,0,34,10,2
10.3,89,2.4,100,19.5,246,11561,1,33,7,2
9.8,75,6.9,50,16.5,177,7956,1,28,9,1
9.5,90,8.4,50,16.6,135,9689,0,22,0,0
11.5,85,-1.1,50,20.3,265,13278,0,38,35,3
7.9,76,0.7,50,19.3,132,6058,1,24,0,0
6,71,5.5,50,20.5,151,9601,0,29,1,1
12.9,13,6.3,50,18.8,137,7656,1,21,0,0
17.3,78,8.3,50,17,217,12664,1,31,11,2
3.5,49,7.9,50,17.3,131,5802,1,22,0,0
35.5,80,4.8,50,20.2,599.274961594571,7723,1,22,0,0
6.4,82,0.9,50,19.1,145,8644,0,25,0,0
11.1,75,7.5,100,19.7,189,9876,0,30,0,1
7.3,2,0.7,50,19.5,128,7534,0,22,0,0
6.6,7,7.2,50,20.3,131,5264,1,21,0,0
12.7,67,6.9,50,17.3,109,9525,0,21,0,0
9.9,85,2.3,100,20,203,13151,0,32,18,2
37,11,8.6,50,18.9,531.898126766242,5552,0,21,0,0
5.2,83,1.1,50,20.7,102,7323,1,24,0,0
13.2,77,7.1,50,17.8,134,7803,0,23,0,0
2.3,29,8.5,50,17.7,109,7123,0,21,0,0
39,84,1.7,50,21.3,536.795699522182,11900,1,28,6,1
8.9,12,0.2,50,20.1,130,5918,1,21,0,0
11.1,77,9.8,50,17.6,148,9337,1,21,0,0
32.2,28,4,50,16,538.800362883043,9308,1,22,0,0
12.1,51,6.3,50,19.9,144,7617,1,25,0,0
5.4,6,0.1,50,19.4,112,9851,0,22,0,0
39.5,2,9.5,50,22.5,531.770415231931,8235,0,24,0,0
6.8,14,7.7,50,19.3,148,8384,0,22,0,0
12.2,61,7.3,50,16.7,239,9305,1,35,20,2
7.5,21,9.6,50,16.6,147,8703,0,22,0,0
12.6,31,8.6,50,17.3,146,6817,1,24,0,0
12.3,70,3.9,50,18.3,140,6034,0,23,0,0
6.8,15,7.7,50,18.3,133,9549,1,21,0,0
9.7,49,4.6,50,19.8,112,5525,0,22,0,0
13.7,65,-12.4,50,20.7,228,12756,0,32,0,2
6.8,61,9.6,50,16.1,168,9981,1,30,12,1
7.2,89,7.1,50,20.7,127,5913,0,22,0,0
12,70,5.9,100,20.8,171,10347,0,27,13,1
2.7,84,7,50,17.1,122,7327,1,21,0,0
3.5,20,0.1,50,21,102,8040,0,21,0,0
8.4,81,-6.2,50,19.6,267,13617,1,39,11,3
7,90,7.8,50,18,121,6949,0,23,0,0
13.8,84,4.2,100,20.5,177,7225,0,29,5,1
4.1,65,5.1,50,19.2,131,7579,1,23,0,0
8.1,16,6,50,19.1,105,7344,0,24,0,0
39.8,71,8.1,100,23.6,632.054556552434,12274,1,35,5,2
9.3,6,0.4,50,20.2,128,6078,1,23,0,0
8.7,60,8,100,20.9,191,7274,1,28,11,1
9,51,8.1,50,14.5,186,8460,0,30,7,1
11.4,0,6.9,50,17.7,125,5447,1,25,0,0
6.5,62,0,50,20.8,132,8324,0,25,0,0
4.5,83,6.8,50,20.4,104,7143,0,24,0,0
10.8,83,6.8,50,17.6,149,9938,1,25,0,0
3,17,4.2,50,20.1,115,9604,1,22,0,0
6.2,37,3.5,50,18.9,135,8710,1,22,0,0
11.4,57,4.7,50,19.1,129,8999,1,24,0,0
7.8,72,4.4,50,17.3,138,7096,0,25,0,0
7.9,72,9.7,50,16,135,9930,1,24,0,0
8,65,6.4,50,17.3,137,5719,0,21,0,0
6.1,42,9.2,50,15.5,115,9603,0,23,0,0
8.6,65,2.7,50,19,147,5807,0,25,0,0
10.7,64,-3.8,100,20.2,245,12085,0,32,7,2
10.4,44,5.1,50,19.8,122,6347,1,23,0,0
6.6,3,8.1,50,17,105,6877,0,23,0,0
17.4,65,8,100,19,195,8588,1,30,13,1
8.7,69,0.8,50,19.8,126,6990,1,21,0,0
7.2,54,1.7,100,19.7,176,8490,0,30,15,1
9.1,70,4.6,50,20.1,149,5826,1,22,0,0
11.5,36,1.3,50,20.1,111,9679,0,23,0,0
8,20,0.5,50,20,118,5238,1,21,0,0
10.6,79,3.7,50,19.2,147,8463,0,21,0,0
8.6,10,3.9,50,17.9,104,5410,0,25,0,0
8.4,71,-1.9,50,20.5,207,12712,1,35,2,2
12,23,7.4,50,17.2,118,8845,1,22,0,0
7.4,16,8.9,50,16.5,145,9560,1,21,0,0
9.8,71,0.9,50,20.4,144,5144,1,21,0,0
3.8,71,3.8,50,20.1,143,7937,0,21,0,0
13.2,39,1.2,50,21,131,9668,1,23,0,0
8.7,70,4.2,100,19.8,192,11201,1,29,13,1
14.7,67,-11.8,50,20.6,238,12555,0,35,8,2
9,34,3.5,50,18.7,149,8241,0,24,0,0
5.8,65,4.3,50,18.8,124,9901,0,24,0,0
7.8,1,9,50,15.1,121,8853,1,25,0,0
11.4,34,3.9,50,20.5,114,5115,0,23,0,0
12.2,86,9.1,100,20.6,172,7658,1,27,9,1
9.7,61,4.7,50,18.6,145,7719,0,25,0,0
11.2,5,2.5,50,19.4,123,7201,0,25,0,0
7,88,0.1,50,19,175,7817,0,28,13,1
8.8,13,0.5,50,20.1,116,6226,1,23,0,0
4.3,80,5.8,50,18,150,8222,0,23,0,0
38.5,45,0.5,100,22.3,699.223034038582,8534,0,28,0,1
6.6,79,6,50,18.6,137,9521,0,21,0,0
10.7,64,-5.4,100,20.2,230,10375,1,34,29,2
11.8,30,9.6,50,17.8,149,6695,1,23,0,0
14.6,59,2.3,50,20.3,160,10402,0,29,1,1
14.2,64,8,50,18.6,115,9349,1,23,0,0
11.8,59,4.2,50,17.8,195,8805,1,29,12,1
7.7,33,9.8,50,16,144,6739,1,22,0,0
5.3,36,7.5,50,18.6,136,8270,1,21,0,0
9.4,67,3.3,50,20.6,101,9351,0,23,0,0
10.5,40,6.6,50,16.2,122,8716,0,25,0,0
7.2,41,8.2,50,16.7,136,7765,1,21,0,0
5.3,89,5.4,50,18.5,117,6678,1,23,0,0
10.9,80,-0.9,100,20,271,12156,1,38,45,3
8.2,3,9,50,17.2,131,7900,1,22,0,0
11.4,90,5.9,50,19.2,136,8872,0,23,0,0
37.9,24,3.6,50,23.2,697.099254278417,5347,0,24,0,0
13,32,4,50,18.4,116,5593,0,23,0,0
2.3,88,2.2,50,19.2,103,7361,0,25,0,0
6.8,10,4.6,50,20,138,8415,1,22,0,0
8,88,7.8,50,17.9,121,7450,0,22,0,0
5.8,74,2.5,50,21,123,5986,0,23,0,0
12.3,68,9,50,18.7,120,9609,0,24,0,0
12.3,70,-5.8,50,19.2,262,13745,1,40,2,3
8.1,49,3.9,100,19.2,178,8694,1,30,5,1
8,66,-11.1,50,20.7,237,9138,0,31,0,2
5.1,75,6.1,50,18.9,195,8226,0,27,12,1
9.9,89,7,50,20.7,101,8171,1,25,0,0
15,45,-14.7,100,20.8,273,13003,1,37,39,3
11.7,80,2.7,50,20.1,214,9656,0,32,19,2
37.1,81,7.3,50,20.2,637.042149267694,11527,0,26,12,1
12.3,49,5,50,18.7,140,7246,0,21,0,0
7.8,13,5.1,50,18.9,135,7970,1,21,0,0
39.6,79,7.8,50,23.7,625.260466481347,7468,1,26,3,1
12.3,80,2.6,50,20.2,121,7792,1,21,0,0
9.4,59,2.3,50,20.1,123,5845,0,22,0,0
8.8,75,1.3,50,20.4,134,8479,1,24,0,0
13.4,63,6.9,50,20,150,8896,1,21,0,0
9.7,75,-7.6,100,20.3,235,10475,0,34,3,2
10.5,21,8.1,50,18.2,140,5370,0,22,0,0
8.6,88,9.4,50,17,142,9495,0,22,0,0
8.2,60,5,50,17.5,144,9696,1,25,0,0
7.6,29,5.9,50,19.5,119,9304,1,22,0,0
8.6,59,3.5,50,20.8,111,6422,0,22,0,0
9.8,4,1.1,50,20.2,110,7024,0,25,0,0
14.3,82,2.8,100,20.6,187,11101,1,26,2,1
3.3,36,8.2,50,17.9,101,5549,0,21,0,0
6.7,47,1.8,50,20.9,137,5474,0,25,0,0
7.9,26,7.9,50,15.5,140,7169,0,24,0,0
36.3,34,7.6,50,22.9,614.85333792018,5711,0,22,0,0
2.7,80,9.7,50,16.8,143,7700,0,23,0,0
8.9,21,5.9,50,17.4,118,9528,0,22,0,0
5.6,57,0.7,50,19.8,104,9405,0,24,0,0
30.4,66,5.1,50,19.1,667.04746336481,8079,1,25,0,0
8.1,66,0.2,50,19.9,112,5158,0,24,0,0
8.2,79,-11.2,50,19.4,242,12958,1,32,4,2
30.3,86,0.8,50,15.9,564.297738558038,8220,1,22,0,0
10.8,86,8.4,50,15.4,160,11855,0,26,13,1
5.4,35,5,50,20.6,129,6109,0,25,0,0
8.7,39,7,50,18.3,125,6702,0,25,0,0
10.6,85,6.2,50,17.6,132,8862,0,24,0,0
26,58,7.4,50,19.6,647.544147233638,7810,0,26,9,1
3.8,24,2.3,50,20,118,8643,1,21,0,0
6.8,66,7.3,50,19,125,8395,0,22,0,0
7.7,58,4.9,50,20.9,122,6709,0,22,0,0
4.1,12,0.8,50,20.4,125,6851,1,22,0,0
8.9,60,4.1,50,19.6,134,9525,0,23,0,0
5.3,82,4.5,50,19.2,113,5112,0,24,0,0
5.3,67,1.2,50,20.6,128,9366,0,21,0,0
0.5,17,7.5,50,17.8,113,6662,1,22,0,0
7.3,86,4.2,50,17.5,129,9220,1,23,0,0
35.8,8,2.8,50,16,528.056461719935,7131,1,21,0,0
4.5,84,6.8,50,17.3,115,8105,0,21,0,0
14.1,75,6.3,50,17.6,185,10701,0,30,14,1
8.2,46,0.5,50,19.6,140,8932,0,22,0,0
28.4,51,4.4,50,24.7,661.720850434767,5057,0,25,0,0
36.5,21,0.1,50,20.8,517.233338680283,9969,0,24,0,0
10.9,49,9.2,50,17.6,104,5605,1,23,0,0
9.9,76,7.8,50,17,121,7457,0,23,0,0
8.2,60,8,50,18.1,108,6710,1,25,0,0
13.3,44,5.6,50,18.2,122,8954,1,25,0,0
4.5,81,5,50,18.1,121,8372,0,22,0,0
39.7,88,8.5,50,22.3,565.699783939566,7032,1,21,0,0
11.2,74,2.5,50,20.5,113,5210,0,22,0,0
9.5,22,4.5,50,19.9,127,6868,1,22,0,0
4.7,53,5.9,50,17.8,114,7203,0,24,0,0
12.8,39,9.8,50,18.2,127,9085,0,24,0,0
2.6,18,9.7,50,15.8,119,5222,0,23,0,0
8.7,21,5.9,50,18.5,143,9637,0,21,0,0
5.7,58,0,50,19,146,5546,0,22,0,0
15.7,61,3.6,50,20.7,122,7867,1,25,0,0
13.4,52,-9.8,100,19.8,262,13015,0,40,38,3
6.2,60,9.7,50,17.4,115,6332,0,25,0,0
10.3,63,1.1,100,20,250,12764,0,34,3,2
11.4,30,5.3,50,17.9,104,7528,1,21,0,0
8.2,26,2.8,50,18.4,125,9765,1,24,0,0
30.2,10,4.6,50,21.8,640.549314897815,7306,1,25,0,0
13,41,6.3,50,16.4,124,7725,1,22,0,0
4.8,12,4.5,50,18.6,150,8351,1,21,0,0
8,66,-0.3,100,19.1,212,10887,1,33,12,2
14.1,56,8.6,50,16.5,101,8267,0,24,0,0
32.1,26,4.8,50,15.6,643.694842955185,9967,0,22,0,0
7.1,18,5.4,50,19.7,125,8885,1,25,0,0
10.3,25,9.3,50,15.4,149,5429,0,23,0,0
11.8,88,7.8,50,16.5,105,8223,0,22,0,0
7.4,6,3.6,50,20.9,117,6897,1,24,0,0
6.7,74,5.1,50,19,112,5725,0,21,0,0
13.5,53,9,100,19.5,158,8545,0,27,1,1
14.6,21,2.4,50,20.2,120,9379,0,21,0,0
9.4,21,7,50,17.3,128,8432,0,25,0,0
9.8,41,1.6,50,19.7,122,7044,1,21,0,0
14.9,73,3.1,50,19.2,180,8664,1,28,2,1
6.8,46,5.1,50,17.5,148,6715,0,24,0,0
29.4,69,0.3,50,20.9,561.924578585231,8801,1,23,0,0
12.5,82,4.2,100,20.6,193,11143,0,27,5,1
6.5,53,1.4,50,19,148,9122,1,21,0,0
13.5,53,4.8,50,18.4,222,9455,0,32,26,2
10.2,71,3.4,100,19.3,181,10090,1,27,13,1
11,50,0,50,20.2,222,12343,0,32,12,2
9.3,89,6.9,50,16.8,104,6555,0,23,0,0
30.9,79,1.2,50,23.9,604.063721648768,7724,0,22,0,0
6.1,23,2.4,50,19.6,105,6462,0,24,0,0
7.6,25,2.8,50,20.6,118,5196,0,24,0,0
11.1,80,7.9,50,16.7,126,7511,1,21,0,0
3.6,39,2.1,50,20.1,112,5207,1,22,0,0
10.6,25,8.2,50,18.6,131,9223,0,22,0,0
7.8,23,6.1,50,18.7,111,7046,0,25,0,0
6.2,21,6.4,50,18,103,9593,1,23,0,0
4.9,65,8.2,50,16.9,195,8088,0,29,4,1
7,79,6.2,50,17.8,148,5567,0,25,0,0
7.8,4,6.5,50,16.4,125,9789,0,22,0,0
7,17,5.1,50,19.1,109,6557,0,21,0,0
4.4,63,0.6,50,19.7,133,8662,0,24,0,0
9.7,89,0.9,50,19.2,182,7394,0,27,11,1
0.9,3,4,50,18.9,106,8756,0,24,0,0
7.8,69,7.6,50,19.1,114,6202,1,24,0,0
10.2,73,5.5,50,18.4,138,6245,0,25,0,0
10,88,6.1,50,18,182,9985,0,29,6,1
16,31,9.7,50,17.1,106,6368,0,23,0,0
11.4,41,2.3,50,19.4,136,5213,0,21,0,0
8.2,69,3.3,50,17.4,147,6685,1,25,0,0
6.7,81,7.9,50,18.5,127,7595,0,23,0,0
11.2,78,5.2,50,19.5,123,5408,0,25,0,0
10.5,51,7.1,50,16.7,149,7162,1,23,0,0
4.4,89,7.4,50,18.9,106,7803,0,23,0,0
7.1,80,5.7,50,18.2,143,9655,1,25,0,0
7,75,6.8,50,17.2,160,8999,0,26,6,1
5.1,86,6.5,50,18.5,121,6165,0,23,0,0
11,52,9.6,50,16.5,142,8189,1,21,0,0
5.1,39,6.1,50,17.4,150,7965,0,21,0,0
5.8,39,7.5,50,15.8,113,6838,0,23,0,0
9.9,60,5.6,50,18.8,190,7811,1,28,5,1
7.8,60,8,50,17.7,144,5006,0,22,0,0
7.5,60,4.9,50,18.4,120,6749,1,21,0,0
7.1,13,4.1,50,19.4,136,5300,1,22,0,0
11,73,6.7,50,17.8,182,10183,1,27,12,1
7.8,86,1.8,50,21,109,5331,1,21,0,0
33.7,53,5.3,50,23.4,575.988361683606,6058,1,21,0,0
3.5,64,9.3,50,16.7,112,5077,1,22,0,0
27.1,70,6.4,50,19.4,529.307310157815,9121,1,24,0,0
14.2,73,0.7,50,19.5,141,9728,1,25,0,0
5.8,73,5.3,50,18.5,126,7821,1,22,0,0
11.6,55,2.4,50,20.1,137,6067,1,23,0,0
3.6,42,5.9,50,18.8,113,5154,0,21,0,0
35.1,9,3,50,22.1,625.767957711737,7021,0,21,0,0
5.6,48,3.9,50,20.7,105,8216,1,22,0,0
11.9,40,7.2,50,18.3,120,9578,0,22,0,0
4.7,78,2.6,50,19.4,101,5171,0,21,0,0
8.9,63,2.2,50,20.7,144,9783,0,21,0,0
5.8,59,3.1,50,20.6,111,7419,1,25,0,0
13.2,83,9.5,50,15.1,102,5737,1,23,0,0
4.7,22,4.4,50,18.4,139,6823,1,21,0,0
5.9,60,9.3,50,14.8,139,8232,0,23,0,0
12,43,5.9,50,18.3,136,9309,0,22,0,0
30.9,24,4,50,24,548.296607241495,6652,1,21,0,0
10.3,27,0.4,50,20.5,121,8087,1,24,0,0
13.2,67,-11.8,100,20,226,13395,1,33,14,2
37.2,74,2.8,100,18.4,682.726549235701,9927,0,26,5,1
3.1,5,4.8,50,19.6,101,7064,1,22,0,0
3.9,42,8.4,50,15.1,109,6377,0,22,0,0
10.3,10,2.6,50,18.5,131,7819,0,25,0,0
8.5,89,5.7,50,17.6,122,7501,1,22,0,0
8.3,55,2.8,50,20.7,135,8868,1,22,0,0
2.8,28,4.5,50,20.4,143,6360,0,22,0,0
11.9,74,8.1,50,18.4,200,11256,1,29,6,1
32,72,4.5,50,17.9,595.510131079434,6923,0,22,0,0
6.7,84,0.4,50,19.3,148,5889,0,21,0,0
36.4,46,5.2,50,21.4,692.777773622098,6204,0,24,0,0
8.8,27,3.8,50,19.5,136,6004,0,21,0,0
5.1,37,7.1,50,17,135,6763,1,22,0,0
3.3,77,7.3,50,17.5,177,10150,0,29,3,1
9.6,80,3.7,50,20,161,10659,0,29,6,1
11.6,84,5.1,100,19.7,200,10116,1,28,4,1
4.9,53,3.7,50,19.7,143,7995,0,23,0,0
13.1,58,1.5,50,20.7,203,13963,0,31,16,2
9.8,12,6.6,50,17.3,145,6385,0,25,0,0
11.2,2,0,50,20.6,146,7594,0,22,0,0
7.7,57,1,50,19.4,138,6175,0,23,0,0
11,75,0.9,50,20.4,119,9907,0,23,0,0
7.7,60,7.7,50,15.6,151,11843,0,29,10,1
4.4,36,5.7,50,17.8,102,8992,1,21,0,0
13.8,23,4.9,50,19.7,106,5637,0,24,0,0
9.5,42,9.8,50,14.3,150,5115,0,22,0,0
7.8,68,2.7,50,18.6,142,8625,1,21,0,0
8.1,88,3.6,50,17,147,5906,1,21,0,0
13.8,62,1.7,100,19.8,287,11441,1,38,40,3
6.8,23,3.8,50,18.7,103,9184,0,25,0,0
8.3,44,5.7,50,19.6,126,6674,1,24,0,0
34.1,54,9.2,50,24.7,600.544261790945,10635,1,29,14,1
3.5,20,2.4,50,20.1,146,7578,1,21,0,0
8.6,79,8.1,50,17,133,7218,0,23,0,0
6.7,48,7,50,20.5,140,7786,0,23,0,0
9.3,47,0.2,50,20.2,103,7005,0,24,0,0
7,86,0.9,50,19.5,126,5545,0,23,0,0
7.6,62,9.1,100,19.7,162,7966,1,27,12,1
7.6,31,6.4,50,19.4,136,8774,0,24,0,0
12.6,70,7.3,50,16.7,223,10041,0,35,19,2
13.2,54,0.3,50,19.9,104,7913,1,21,0,0
10.4,4,7.5,50,17.8,126,6886,0,25,0,0
12.4,83,4.1,50,17.4,124,9732,0,24,0,0
10,32,8.8,50,17.9,131,9300,0,21,0,0
2.9,48,5.3,50,20.3,127,9650,1,22,0,0
31.1,36,1.1,50,21.2,676.51057269702,6146,1,21,0,0
16.8,82,-3.3,100,20.4,274,14926,0,37,24,3
6.9,51,9.1,50,16.2,110,8384,0,21,0,0
28.8,43,5.8,50,21.3,514.474668603501,7378,0,24,0,0
5.5,58,7.6,50,18.3,148,9728,0,25,0,0
15.3,80,-2.6,100,20.2,207,11126,1,33,19,2
6.4,64,9.7,50,15,105,6212,0,23,0,0
14.4,29,6.9,50,18.6,134,9014,0,23,0,0
8.6,64,0.3,50,20.3,108,8116,0,23,0,0
12.6,32,7.4,50,17.1,128,6646,0,22,0,0
10.2,25,4.1,50,17.4,139,8030,0,22,0,0
9.1,51,4.6,50,19.2,138,5796,1,25,0,0
3.7,64,9.2,50,14.7,107,6299,0,23,0,0
8.2,51,7.1,50,18.1,104,7116,0,24,0,0
7.4,71,7.1,50,18.3,122,9043,0,25,0,0
6.5,20,3.1,50,20.1,134,9140,0,21,0,0
4.9,42,6.7,50,19.5,137,8675,1,22,0,0
10.5,37,5.9,50,20.5,141,9345,1,21,0,0
7,51,4.2,50,20.3,135,9268,0,22,0,0
5.9,59,4.2,50,19.7,126,8224,0,24,0,0
9.7,38,6.5,50,18.6,141,6938,1,22,0,0
10.8,82,9.4,50,14.6,147,5688,0,21,0,0
6.6,40,7.6,50,15.8,113,6519,0,23,0,0
37.5,21,8.2,50,24,532.494127322848,8783,1,23,0,0
14.7,67,1.8,50,20.6,138,9189,0,23,0,0
35.4,78,3.2,50,17.1,686.948472595396,9298,0,21,0,0
10.3,66,4.3,100,20.3,157,11401,0,26,8,1
9.2,60,6.5,50,18.3,114,7889,0,24,0,0
7,31,6.1,50,17.3,110,9791,0,22,0,0
7.1,36,8.6,50,16,145,5609,1,22,0,0
8.2,62,6.8,50,17.3,126,8179,1,24,0,0
6.5,87,7.6,100,19.9,156,11494,1,26,12,1
12.3,73,7.8,50,15.9,166,8649,0,27,7,1
8.8,59,2.1,50,18.8,106,6326,0,24,0,0
7.5,75,1.1,100,20.4,216,9454,0,35,23,2
15.8,65,-11.3,100,20.5,253,11631,1,39,12,3
11.5,71,7.8,100,19.2,166,9393,0,27,7,1
12.1,78,5.8,100,20.6,220,9965,0,34,14,2
8.3,68,4.4,50,18.7,200,11065,1,26,2,1
7.3,58,5,50,19.2,109,9265,0,23,0,0
9.5,79,9.9,50,15.8,109,6619,0,25,0,0
35.5,43,4.7,50,24.8,589.33159731618,8432,0,24,0,0
5.9,14,2.9,50,20,133,6366,0,22,0,0
8.1,25,1.9,50,20.1,131,8776,1,21,0,0
10.6,73,1.5,50,20.8,168,7457,0,26,6,1
6.7,28,7.9,50,16.5,150,7854,0,22,0,0
9.6,74,3.3,100,19.2,166,10262,0,29,13,1
3.2,31,6.1,50,17.4,140,9866,0,25,0,0
13,5,8.8,50,16.6,110,9083,1,22,0,0
4.7,82,3.9,50,19.4,145,6088,1,25,0,0
9.9,33,7,50,16.7,148,5082,1,21,0,0
14.3,45,3.7,50,19.7,118,8668,0,22,0,0
10,77,5.1,50,19.7,158,9964,1,29,13,1
12.1,35,7.1,50,19.4,128,6344,0,24,0,0
7.6,79,-7.4,50,20.5,234,13645,0,32,2,2
10.1,29,8.4,50,20.5,104,7572,1,24,0,0
38.5,67,-1.4,100,16.2,548.902483038809,11675,0,35,26,2
4.9,16,8,50,18.1,112,7429,1,25,0,0
7.2,48,6.1,50,18.9,134,5342,0,24,0,0
7.1,89,2.9,50,19.3,101,9503,0,25,0,0
6.7,77,0.1,50,19.3,142,8893,0,22,0,0
9.3,90,8.9,50,16.1,150,7737,0,25,0,0
6.4,33,4.2,50,20,112,6879,0,24,0,0
31.8,49,1.7,50,22.5,616.659159322003,9247,1,25,0,0
4.7,30,3.2,50,19.5,126,9275,1,25,0,0
4.6,84,0.7,50,20.2,148,7099,1,22,0,0
7.9,85,7.9,50,16.8,120,5960,1,25,0,0
13.4,6,8.4,50,17.2,142,5454,0,25,0,0
0.6,18,4.9,50,18.6,140,5074,1,21,0,0
27.4,50,6.8,50,16.4,551.893154112187,7562,0,24,0,0
7.1,33,8.9,50,16.4,127,5450,0,25,0,0
31.5,27,1.4,50,20.7,536.399124270822,8163,0,23,0,0
5,19,0.7,50,20.7,118,7303,1,24,0,0
35.4,20,6.2,50,24.3,576.541257038001,5502,0,25,0,0
1.4,2,8.9,50,16.5,103,9025,1,21,0,0
14.7,67,6.8,100,19.7,170,8149,0,30,7,1
4,0,2.8,50,19.1,142,9634,0,24,0,0
7.4,19,2.9,50,19.1,128,7063,0,21,0,0
12.5,60,3.9,100,19.1,156,9506,1,28,11,1
5,69,8.7,50,15.7,113,5521,0,23,0,0
8.5,52,-10.2,100,19.9,250,11614,0,32,21,2
6.9,84,2.9,50,20.6,105,5930,0,24,0,0
5.6,51,7.4,50,17.4,137,5284,1,22,0,0
7.6,58,7.9,50,17.4,108,9273,1,24,0,0
10.2,79,4.5,100,19.9,181,11112,0,29,12,1
4.2,72,3.3,50,19.7,125,8513,1,22,0,0
38.3,81,6.8,50,15.8,670.238794035353,7831,1,25,0,0
4.3,55,0.4,50,18.8,121,9088,1,21,0,0
14,75,-9.4,50,19.7,212,11808,0,34,26,2
8.4,25,2.7,50,18.8,141,5346,0,22,0,0
10.9,86,7.5,50,18.4,120,7371,0,22,0,0
6.1,72,7.7,50,18,136,7813,1,23,0,0
7.5,78,0.2,50,19.1,102,6379,1,22,0,0
15.4,26,8.5,50,16.9,116,8368,1,21,0,0
12.9,38,3.4,50,19.1,112,7602,0,22,0,0
9.7,21,6,50,17.6,147,9515,0,22,0,0
12.4,4,5.9,50,17.7,132,9737,0,21,0,0
6.9,45,7.6,50,16.3,142,9249,0,22,0,0
7.4,17,1.8,50,20.1,143,9897,0,22,0,0
6.2,25,4.3,50,20.3,106,9928,1,23,0,0
6.4,46,6.4,50,18.3,123,7492,0,23,0,0
9.4,58,5.8,50,20.6,120,5526,0,24,0,0
8.1,56,6.2,100,19.2,169,11868,0,28,6,1
0.5,79,6.1,50,18.8,130,8505,1,21,0,0
30.1,58,1.9,50,16.5,620.899718506632,5975,1,21,0,0
8.2,0,9.8,50,15.3,112,5795,1,22,0,0
6.8,81,7.5,50,17.1,147,7483,1,25,0,0
11.6,57,9.6,50,16.8,186,9622,0,26,9,1
11,50,5.4,100,20.1,237,11054,0,35,3,2
7.4,74,0.3,100,20.8,184,7708,1,29,15,1
6.2,75,6,50,16.8,180,11560,1,26,6,1
12.8,71,5,50,19.5,147,6149,0,24,0,0
10.3,66,9.3,100,20.4,157,10960,0,26,1,1
15.8,78,0.2,100,20.6,172,10124,1,28,12,1
8.2,63,0.3,50,20.5,113,9906,0,25,0,0
10.6,14,2.7,50,20.8,115,8473,1,25,0,0
15.6,78,-14.8,50,20.9,222,13593,0,35,14,2
11.1,9,5.9,50,17,132,8632,0,23,0,0
14.6,47,7.6,100,20.8,161,11167,0,28,3,1
5.7,0,2.9,50,19.7,134,9710,1,24,0,0
8.1,54,9.6,50,14.8,114,9166,1,22,0,0
7.1,80,6.8,50,18.7,138,9435,0,25,0,0
35.2,66,7.3,100,15.4,656.411293773765,11037,0,40,34,3
6.9,8,5.7,50,20,133,8526,1,22,0,0
5.2,76,0.5,50,19.3,104,5129,0,23,0,0
